-- components_unittests --gtest_filter=SharedStorageDatabaseTest.FiveOrigins
--
-- .dump of a version 6 Shared Storage database.
PRAGMA foreign_keys=OFF;
BEGIN TRANSACTION;
CREATE TABLE meta(key LONGVARCHAR NOT NULL UNIQUE PRIMARY KEY, value LONGVARCHAR);
INSERT INTO meta VALUES('mmap_status','-1');
INSERT INTO meta VALUES('last_compatible_version','4');
INSERT INTO meta VALUES('version','6');
CREATE TABLE values_mapping(context_origin TEXT NOT NULL,key BLOB NOT NULL,value BLOB NOT NULL,last_used_time INTEGER NOT NULL,PRIMARY KEY(context_origin,key)) WITHOUT ROWID;
INSERT INTO values_mapping VALUES ('http://google.com',X'6b00650079003031',X'300031003200330034003500360037003800390030003100320033003400350036003700380039003000310032003300340035003600370038003900300031003200330034003500360037003800390030003100320033003400',13312097333991364);
INSERT INTO values_mapping VALUES ('http://google.com',X'6b00650079003032',X'300031003200330034003500360037003800390030003100320033003400350036003700380039003000310032003300340035003600370038003900300031003200330034003500360037003800390030003100320033003400',13312097333992365);
INSERT INTO values_mapping VALUES ('http://google.com',X'6b00650079003033',X'300031003200330034003500360037003800390030003100320033003400350036003700380039003000310032003300340035003600370038003900300031003200330034003500360037003800390030003100320033003400',13312097333993366);
INSERT INTO values_mapping VALUES ('http://google.com',X'6b00650079003034',X'300031003200330034003500360037003800390030003100320033003400350036003700380039003000310032003300340035003600370038003900300031003200330034003500360037003800390030003100320033003400',13312097333994367);
INSERT INTO values_mapping VALUES ('http://google.com',X'6b00650079003035',X'300031003200330034003500360037003800390030003100320033003400350036003700380039003000310032003300340035003600370038003900300031003200330034003500360037003800390030003100320033003400',13312097333995368);
INSERT INTO values_mapping VALUES ('http://google.com',X'6b00650079003036',X'300031003200330034003500360037003800390030003100320033003400350036003700380039003000310032003300340035003600370038003900300031003200330034003500360037003800390030003100320033003400',13312097333996369);
INSERT INTO values_mapping VALUES ('http://google.com',X'6b00650079003037',X'300031003200330034003500360037003800390030003100320033003400350036003700380039003000310032003300340035003600370038003900300031003200330034003500360037003800390030003100320033003400',13312097333997370);
INSERT INTO values_mapping VALUES ('http://google.com',X'6b00650079003038',X'300031003200330034003500360037003800390030003100320033003400350036003700380039003000310032003300340035003600370038003900300031003200330034003500360037003800390030003100320033003400',13312097333998371);
INSERT INTO values_mapping VALUES ('http://google.com',X'6b00650079003039',X'300031003200330034003500360037003800390030003100320033003400350036003700380039003000310032003300340035003600370038003900300031003200330034003500360037003800390030003100320033003400',13312097333999372);
INSERT INTO values_mapping VALUES ('http://google.com',X'6b00650079003130',X'300031003200330034003500360037003800390030003100320033003400350036003700380039003000310032003300340035003600370038003900300031003200330034003500360037003800390030003100320033003400',13312097334000373);
INSERT INTO values_mapping VALUES ('http://google.com',X'6b00650079003131',X'300031003200330034003500360037003800390030003100320033003400350036003700380039003000310032003300340035003600370038003900300031003200330034003500360037003800390030003100320033003400',13312097334001374);
INSERT INTO values_mapping VALUES ('http://google.com',X'6b00650079003132',X'300031003200330034003500360037003800390030003100320033003400350036003700380039003000310032003300340035003600370038003900300031003200330034003500360037003800390030003100320033003400',13312097334002375);
INSERT INTO values_mapping VALUES ('http://google.com',X'6b00650079003133',X'300031003200330034003500360037003800390030003100320033003400350036003700380039003000310032003300340035003600370038003900300031003200330034003500360037003800390030003100320033003400',13312097334003376);
INSERT INTO values_mapping VALUES ('http://google.com',X'6b00650079003134',X'300031003200330034003500360037003800390030003100320033003400350036003700380039003000310032003300340035003600370038003900300031003200330034003500360037003800390030003100320033003400',13312097334004377);
INSERT INTO values_mapping VALUES ('http://google.com',X'6b00650079003135',X'300031003200330034003500360037003800390030003100320033003400350036003700380039003000310032003300340035003600370038003900300031003200330034003500360037003800390030003100320033003400',13312097334005378);
INSERT INTO values_mapping VALUES ('http://google.com',X'6b00650079003136',X'300031003200330034003500360037003800390030003100320033003400350036003700380039003000310032003300340035003600370038003900300031003200330034003500360037003800390030003100320033003400',13312097334006379);
INSERT INTO values_mapping VALUES ('http://google.com',X'6b00650079003137',X'300031003200330034003500360037003800390030003100320033003400350036003700380039003000310032003300340035003600370038003900300031003200330034003500360037003800390030003100320033003400',13312097334007380);
INSERT INTO values_mapping VALUES ('http://google.com',X'6b00650079003138',X'300031003200330034003500360037003800390030003100320033003400350036003700380039003000310032003300340035003600370038003900300031003200330034003500360037003800390030003100320033003400',13312097334008381);
INSERT INTO values_mapping VALUES ('http://google.com',X'6b00650079003139',X'300031003200330034003500360037003800390030003100320033003400350036003700380039003000310032003300340035003600370038003900300031003200330034003500360037003800390030003100320033003400',13312097334009382);
INSERT INTO values_mapping VALUES ('http://google.com',X'6b00650079003230',X'300031003200330034003500360037003800390030003100320033003400350036003700380039003000310032003300340035003600370038003900300031003200330034003500360037003800390030003100320033003400',13312097334010383);
INSERT INTO values_mapping VALUES ('http://chromium.org',X'6b00650079003031',X'',13313037416916308);
INSERT INTO values_mapping VALUES ('http://chromium.org',X'6b00650079003032',X'',13313037416917309);
INSERT INTO values_mapping VALUES ('http://chromium.org',X'6b00650079003033',X'',13313037416918310);
INSERT INTO values_mapping VALUES ('http://chromium.org',X'6b00650079003034',X'',13313037416919311);
INSERT INTO values_mapping VALUES ('http://chromium.org',X'6b00650079003035',X'',13313037416920312);
INSERT INTO values_mapping VALUES ('http://chromium.org',X'6b00650079003036',X'',13313037416921313);
INSERT INTO values_mapping VALUES ('http://chromium.org',X'6b00650079003037',X'',13313037416922314);
INSERT INTO values_mapping VALUES ('http://chromium.org',X'6b00650079003038',X'',13313037416923315);
INSERT INTO values_mapping VALUES ('http://chromium.org',X'6b00650079003039',X'',13313037416924316);
INSERT INTO values_mapping VALUES ('http://chromium.org',X'6b00650079003130',X'',13313037416925317);
INSERT INTO values_mapping VALUES ('http://chromium.org',X'6b00650079003131',X'',13313037416926318);
INSERT INTO values_mapping VALUES ('http://chromium.org',X'6b00650079003132',X'',13313037416927319);
INSERT INTO values_mapping VALUES ('http://chromium.org',X'6b00650079003133',X'',13313037416928320);
INSERT INTO values_mapping VALUES ('http://chromium.org',X'6b00650079003134',X'',13313037416929321);
INSERT INTO values_mapping VALUES ('http://chromium.org',X'6b00650079003135',X'',13313037416930322);
INSERT INTO values_mapping VALUES ('http://chromium.org',X'6b00650079003136',X'',13313037416931323);
INSERT INTO values_mapping VALUES ('http://chromium.org',X'6b00650079003137',X'',13313037416932324);
INSERT INTO values_mapping VALUES ('http://chromium.org',X'6b00650079003138',X'',13313037416933325);
INSERT INTO values_mapping VALUES ('http://chromium.org',X'6b00650079003139',X'',13313037416934326);
INSERT INTO values_mapping VALUES ('http://chromium.org',X'6b00650079003230',X'',13313037416935327);
INSERT INTO values_mapping VALUES ('http://chromium.org',X'6b00650079003231',X'',13313037416936328);
INSERT INTO values_mapping VALUES ('http://chromium.org',X'6b00650079003232',X'',13313037416937329);
INSERT INTO values_mapping VALUES ('http://chromium.org',X'6b00650079003233',X'',13313037416938330);
INSERT INTO values_mapping VALUES ('http://chromium.org',X'6b00650079003234',X'',13313037416939331);
INSERT INTO values_mapping VALUES ('http://chromium.org',X'6b00650079003235',X'',13313037416940332);
INSERT INTO values_mapping VALUES ('http://chromium.org',X'6b00650079003236',X'',13313037416941333);
INSERT INTO values_mapping VALUES ('http://chromium.org',X'6b00650079003237',X'',13313037416942334);
INSERT INTO values_mapping VALUES ('http://chromium.org',X'6b00650079003238',X'',13313037416943335);
INSERT INTO values_mapping VALUES ('http://chromium.org',X'6b00650079003239',X'',13313037416944336);
INSERT INTO values_mapping VALUES ('http://chromium.org',X'6b00650079003330',X'',13313037416945337);
INSERT INTO values_mapping VALUES ('http://chromium.org',X'6b00650079003331',X'',13313037416946338);
INSERT INTO values_mapping VALUES ('http://chromium.org',X'6b00650079003332',X'',13313037416947339);
INSERT INTO values_mapping VALUES ('http://chromium.org',X'6b00650079003333',X'',13313037416948340);
INSERT INTO values_mapping VALUES ('http://chromium.org',X'6b00650079003334',X'',13313037416949341);
INSERT INTO values_mapping VALUES ('http://chromium.org',X'6b00650079003335',X'',13313037416950342);
INSERT INTO values_mapping VALUES ('http://chromium.org',X'6b00650079003336',X'',13313037416951343);
INSERT INTO values_mapping VALUES ('http://chromium.org',X'6b00650079003337',X'',13313037416952344);
INSERT INTO values_mapping VALUES ('http://chromium.org',X'6b00650079003338',X'',13313037416953345);
INSERT INTO values_mapping VALUES ('http://chromium.org',X'6b00650079003339',X'',13313037416954346);
INSERT INTO values_mapping VALUES ('http://chromium.org',X'6b00650079003430',X'',13313037416955347);
INSERT INTO values_mapping VALUES ('http://gv.com',X'6b00650079003031',X'',13313037487092131);
INSERT INTO values_mapping VALUES ('http://gv.com',X'6b00650079003032',X'',13313037487093132);
INSERT INTO values_mapping VALUES ('http://gv.com',X'6b00650079003033',X'',13313037487094133);
INSERT INTO values_mapping VALUES ('http://gv.com',X'6b00650079003034',X'',13313037487095134);
INSERT INTO values_mapping VALUES ('http://gv.com',X'6b00650079003035',X'',13313037487096135);
INSERT INTO values_mapping VALUES ('http://gv.com',X'6b00650079003036',X'',13313037487097136);
INSERT INTO values_mapping VALUES ('http://gv.com',X'6b00650079003037',X'',13313037487098137);
INSERT INTO values_mapping VALUES ('http://gv.com',X'6b00650079003038',X'',13313037487099138);
INSERT INTO values_mapping VALUES ('http://gv.com',X'6b00650079003039',X'',13313037487100139);
INSERT INTO values_mapping VALUES ('http://gv.com',X'6b00650079003130',X'',13313037487101140);
INSERT INTO values_mapping VALUES ('http://gv.com',X'6b00650079003131',X'',13313037487102141);
INSERT INTO values_mapping VALUES ('http://gv.com',X'6b00650079003132',X'',13313037487103142);
INSERT INTO values_mapping VALUES ('http://gv.com',X'6b00650079003133',X'',13313037487104143);
INSERT INTO values_mapping VALUES ('http://gv.com',X'6b00650079003134',X'',13313037487105144);
INSERT INTO values_mapping VALUES ('http://gv.com',X'6b00650079003135',X'',13313037487106145);
INSERT INTO values_mapping VALUES ('http://abc.xyz',X'6b00303031',X'7800',13269481776356965);
INSERT INTO values_mapping VALUES ('http://abc.xyz',X'6b00303032',X'7800',13269481776357966);
INSERT INTO values_mapping VALUES ('http://abc.xyz',X'6b00303033',X'7800',13269481776358967);
INSERT INTO values_mapping VALUES ('http://abc.xyz',X'6b00303034',X'7800',13269481776359968);
INSERT INTO values_mapping VALUES ('http://abc.xyz',X'6b00303035',X'7800',13269481776360969);
INSERT INTO values_mapping VALUES ('http://abc.xyz',X'6b00303036',X'7800',13269481776361970);
INSERT INTO values_mapping VALUES ('http://abc.xyz',X'6b00303037',X'7800',13269481776362971);
INSERT INTO values_mapping VALUES ('http://abc.xyz',X'6b00303038',X'7800',13269481776363972);
INSERT INTO values_mapping VALUES ('http://abc.xyz',X'6b00303039',X'7800',13269481776364973);
INSERT INTO values_mapping VALUES ('http://abc.xyz',X'6b00303130',X'7800',13269481776365974);
INSERT INTO values_mapping VALUES ('http://abc.xyz',X'6b00303131',X'7800',13269481776366975);
INSERT INTO values_mapping VALUES ('http://abc.xyz',X'6b00303132',X'7800',13269481776367976);
INSERT INTO values_mapping VALUES ('http://abc.xyz',X'6b00303133',X'7800',13269481776368977);
INSERT INTO values_mapping VALUES ('http://abc.xyz',X'6b00303134',X'7800',13269481776369978);
INSERT INTO values_mapping VALUES ('http://abc.xyz',X'6b00303135',X'7800',13269481776370979);
INSERT INTO values_mapping VALUES ('http://abc.xyz',X'6b00303136',X'7800',13269481776371980);
INSERT INTO values_mapping VALUES ('http://abc.xyz',X'6b00303137',X'7800',13269481776372981);
INSERT INTO values_mapping VALUES ('http://abc.xyz',X'6b00303138',X'7800',13269481776373982);
INSERT INTO values_mapping VALUES ('http://abc.xyz',X'6b00303139',X'7800',13269481776374983);
INSERT INTO values_mapping VALUES ('http://abc.xyz',X'6b00303230',X'7800',13269481776375984);
INSERT INTO values_mapping VALUES ('http://abc.xyz',X'6b00303231',X'7800',13269481776376985);
INSERT INTO values_mapping VALUES ('http://abc.xyz',X'6b00303232',X'7800',13269481776377986);
INSERT INTO values_mapping VALUES ('http://abc.xyz',X'6b00303233',X'7800',13269481776378987);
INSERT INTO values_mapping VALUES ('http://abc.xyz',X'6b00303234',X'7800',13269481776379988);
INSERT INTO values_mapping VALUES ('http://abc.xyz',X'6b00303235',X'7800',13269481776380989);
INSERT INTO values_mapping VALUES ('http://abc.xyz',X'6b00303236',X'7800',13269481776381990);
INSERT INTO values_mapping VALUES ('http://abc.xyz',X'6b00303237',X'7800',13269481776382991);
INSERT INTO values_mapping VALUES ('http://abc.xyz',X'6b00303238',X'7800',13269481776383992);
INSERT INTO values_mapping VALUES ('http://abc.xyz',X'6b00303239',X'7800',13269481776384993);
INSERT INTO values_mapping VALUES ('http://abc.xyz',X'6b00303330',X'7800',13269481776385994);
INSERT INTO values_mapping VALUES ('http://abc.xyz',X'6b00303331',X'7800',13269481776386995);
INSERT INTO values_mapping VALUES ('http://abc.xyz',X'6b00303332',X'7800',13269481776387996);
INSERT INTO values_mapping VALUES ('http://abc.xyz',X'6b00303333',X'7800',13269481776388997);
INSERT INTO values_mapping VALUES ('http://abc.xyz',X'6b00303334',X'7800',13269481776389998);
INSERT INTO values_mapping VALUES ('http://abc.xyz',X'6b00303335',X'7800',13269481776390999);
INSERT INTO values_mapping VALUES ('http://abc.xyz',X'6b00303336',X'7800',13269481776392000);
INSERT INTO values_mapping VALUES ('http://abc.xyz',X'6b00303337',X'7800',13269481776393001);
INSERT INTO values_mapping VALUES ('http://abc.xyz',X'6b00303338',X'7800',13269481776394002);
INSERT INTO values_mapping VALUES ('http://abc.xyz',X'6b00303339',X'7800',13269481776395003);
INSERT INTO values_mapping VALUES ('http://abc.xyz',X'6b00303430',X'7800',13269481776396004);
INSERT INTO values_mapping VALUES ('http://abc.xyz',X'6b00303431',X'7800',13269481776397005);
INSERT INTO values_mapping VALUES ('http://abc.xyz',X'6b00303432',X'7800',13269481776398006);
INSERT INTO values_mapping VALUES ('http://abc.xyz',X'6b00303433',X'7800',13269481776399007);
INSERT INTO values_mapping VALUES ('http://abc.xyz',X'6b00303434',X'7800',13269481776400008);
INSERT INTO values_mapping VALUES ('http://abc.xyz',X'6b00303435',X'7800',13269481776401009);
INSERT INTO values_mapping VALUES ('http://abc.xyz',X'6b00303436',X'7800',13269481776402010);
INSERT INTO values_mapping VALUES ('http://abc.xyz',X'6b00303437',X'7800',13269481776403011);
INSERT INTO values_mapping VALUES ('http://abc.xyz',X'6b00303438',X'7800',13269481776404012);
INSERT INTO values_mapping VALUES ('http://abc.xyz',X'6b00303439',X'7800',13269481776405013);
INSERT INTO values_mapping VALUES ('http://abc.xyz',X'6b00303530',X'7800',13269481776406014);
INSERT INTO values_mapping VALUES ('http://abc.xyz',X'6b00303531',X'7800',13269481776407015);
INSERT INTO values_mapping VALUES ('http://abc.xyz',X'6b00303532',X'7800',13269481776408016);
INSERT INTO values_mapping VALUES ('http://abc.xyz',X'6b00303533',X'7800',13269481776409017);
INSERT INTO values_mapping VALUES ('http://abc.xyz',X'6b00303534',X'7800',13269481776410018);
INSERT INTO values_mapping VALUES ('http://abc.xyz',X'6b00303535',X'7800',13269481776411019);
INSERT INTO values_mapping VALUES ('http://abc.xyz',X'6b00303536',X'7800',13269481776412020);
INSERT INTO values_mapping VALUES ('http://abc.xyz',X'6b00303537',X'7800',13269481776413021);
INSERT INTO values_mapping VALUES ('http://abc.xyz',X'6b00303538',X'7800',13269481776414022);
INSERT INTO values_mapping VALUES ('http://abc.xyz',X'6b00303539',X'7800',13269481776415023);
INSERT INTO values_mapping VALUES ('http://abc.xyz',X'6b00303630',X'7800',13269481776416024);
INSERT INTO values_mapping VALUES ('http://abc.xyz',X'6b00303631',X'7800',13269481776417025);
INSERT INTO values_mapping VALUES ('http://abc.xyz',X'6b00303632',X'7800',13269481776418026);
INSERT INTO values_mapping VALUES ('http://abc.xyz',X'6b00303633',X'7800',13269481776419027);
INSERT INTO values_mapping VALUES ('http://abc.xyz',X'6b00303634',X'7800',13269481776420028);
INSERT INTO values_mapping VALUES ('http://abc.xyz',X'6b00303635',X'7800',13269481776421029);
INSERT INTO values_mapping VALUES ('http://abc.xyz',X'6b00303636',X'7800',13269481776422030);
INSERT INTO values_mapping VALUES ('http://abc.xyz',X'6b00303637',X'7800',13269481776423031);
INSERT INTO values_mapping VALUES ('http://abc.xyz',X'6b00303638',X'7800',13269481776424032);
INSERT INTO values_mapping VALUES ('http://abc.xyz',X'6b00303639',X'7800',13269481776425033);
INSERT INTO values_mapping VALUES ('http://abc.xyz',X'6b00303730',X'7800',13269481776426034);
INSERT INTO values_mapping VALUES ('http://abc.xyz',X'6b00303731',X'7800',13269481776427035);
INSERT INTO values_mapping VALUES ('http://abc.xyz',X'6b00303732',X'7800',13269481776428036);
INSERT INTO values_mapping VALUES ('http://abc.xyz',X'6b00303733',X'7800',13269481776429037);
INSERT INTO values_mapping VALUES ('http://abc.xyz',X'6b00303734',X'7800',13269481776430038);
INSERT INTO values_mapping VALUES ('http://abc.xyz',X'6b00303735',X'7800',13269481776431039);
INSERT INTO values_mapping VALUES ('http://abc.xyz',X'6b00303736',X'7800',13269481776432040);
INSERT INTO values_mapping VALUES ('http://abc.xyz',X'6b00303737',X'7800',13269481776433041);
INSERT INTO values_mapping VALUES ('http://abc.xyz',X'6b00303738',X'7800',13269481776434042);
INSERT INTO values_mapping VALUES ('http://abc.xyz',X'6b00303739',X'7800',13269481776435043);
INSERT INTO values_mapping VALUES ('http://abc.xyz',X'6b00303830',X'7800',13269481776436044);
INSERT INTO values_mapping VALUES ('http://abc.xyz',X'6b00303831',X'7800',13269481776437045);
INSERT INTO values_mapping VALUES ('http://abc.xyz',X'6b00303832',X'7800',13269481776438046);
INSERT INTO values_mapping VALUES ('http://abc.xyz',X'6b00303833',X'7800',13269481776439047);
INSERT INTO values_mapping VALUES ('http://abc.xyz',X'6b00303834',X'7800',13269481776440048);
INSERT INTO values_mapping VALUES ('http://abc.xyz',X'6b00303835',X'7800',13269481776441049);
INSERT INTO values_mapping VALUES ('http://abc.xyz',X'6b00303836',X'7800',13269481776442050);
INSERT INTO values_mapping VALUES ('http://abc.xyz',X'6b00303837',X'7800',13269481776443051);
INSERT INTO values_mapping VALUES ('http://abc.xyz',X'6b00303838',X'7800',13269481776444052);
INSERT INTO values_mapping VALUES ('http://abc.xyz',X'6b00303839',X'7800',13269481776445053);
INSERT INTO values_mapping VALUES ('http://abc.xyz',X'6b00303930',X'7800',13269481776446054);
INSERT INTO values_mapping VALUES ('http://abc.xyz',X'6b00303931',X'7800',13269481776447055);
INSERT INTO values_mapping VALUES ('http://abc.xyz',X'6b00303932',X'7800',13269481776448056);
INSERT INTO values_mapping VALUES ('http://abc.xyz',X'6b00303933',X'7800',13269481776449057);
INSERT INTO values_mapping VALUES ('http://abc.xyz',X'6b00303934',X'7800',13269481776450058);
INSERT INTO values_mapping VALUES ('http://abc.xyz',X'6b00303935',X'7800',13269481776451059);
INSERT INTO values_mapping VALUES ('http://abc.xyz',X'6b00303936',X'7800',13269481776452060);
INSERT INTO values_mapping VALUES ('http://abc.xyz',X'6b00303937',X'7800',13269481776453061);
INSERT INTO values_mapping VALUES ('http://abc.xyz',X'6b00303938',X'7800',13269481776454062);
INSERT INTO values_mapping VALUES ('http://abc.xyz',X'6b00303939',X'7800',13269481776455063);
INSERT INTO values_mapping VALUES ('http://abc.xyz',X'6b00313030',X'7800',13269481776456064);
INSERT INTO values_mapping VALUES ('http://abc.xyz',X'6b00313031',X'7800',13269481776457065);
INSERT INTO values_mapping VALUES ('http://abc.xyz',X'6b00313032',X'7800',13269481776458066);
INSERT INTO values_mapping VALUES ('http://abc.xyz',X'6b00313033',X'7800',13269481776459067);
INSERT INTO values_mapping VALUES ('http://abc.xyz',X'6b00313034',X'7800',13269481776460068);
INSERT INTO values_mapping VALUES ('http://abc.xyz',X'6b00313035',X'7800',13269481776461069);
INSERT INTO values_mapping VALUES ('http://abc.xyz',X'6b00313036',X'7800',13269481776462070);
INSERT INTO values_mapping VALUES ('http://abc.xyz',X'6b00313037',X'7800',13269481776463071);
INSERT INTO values_mapping VALUES ('http://abc.xyz',X'6b00313038',X'7800',13269481776464072);
INSERT INTO values_mapping VALUES ('http://abc.xyz',X'6b00313039',X'7800',13269481776465073);
INSERT INTO values_mapping VALUES ('http://abc.xyz',X'6b00313130',X'7800',13269481776466074);
INSERT INTO values_mapping VALUES ('http://abc.xyz',X'6b00313131',X'7800',13269481776467075);
INSERT INTO values_mapping VALUES ('http://abc.xyz',X'6b00313132',X'7800',13269481776468076);
INSERT INTO values_mapping VALUES ('http://abc.xyz',X'6b00313133',X'7800',13269481776469077);
INSERT INTO values_mapping VALUES ('http://abc.xyz',X'6b00313134',X'7800',13269481776470078);
INSERT INTO values_mapping VALUES ('http://abc.xyz',X'6b00313135',X'7800',13269481776471079);
INSERT INTO values_mapping VALUES ('http://abc.xyz',X'6b00313136',X'7800',13269481776472080);
INSERT INTO values_mapping VALUES ('http://abc.xyz',X'6b00313137',X'7800',13269481776473081);
INSERT INTO values_mapping VALUES ('http://abc.xyz',X'6b00313138',X'7800',13269481776474082);
INSERT INTO values_mapping VALUES ('http://abc.xyz',X'6b00313139',X'7800',13269481776475083);
INSERT INTO values_mapping VALUES ('http://abc.xyz',X'6b00313230',X'7800',13269481776476084);
INSERT INTO values_mapping VALUES ('http://abc.xyz',X'6b00313231',X'7800',13269481776477085);
INSERT INTO values_mapping VALUES ('http://abc.xyz',X'6b00313232',X'7800',13269481776478086);
INSERT INTO values_mapping VALUES ('http://abc.xyz',X'6b00313233',X'7800',13269481776479087);
INSERT INTO values_mapping VALUES ('http://abc.xyz',X'6b00313234',X'7800',13269481776480088);
INSERT INTO values_mapping VALUES ('http://abc.xyz',X'6b00313235',X'7800',13269481776481089);
INSERT INTO values_mapping VALUES ('http://abc.xyz',X'6b00313236',X'7800',13269481776482090);
INSERT INTO values_mapping VALUES ('http://abc.xyz',X'6b00313237',X'7800',13269481776483091);
INSERT INTO values_mapping VALUES ('http://abc.xyz',X'6b00313238',X'7800',13269481776484092);
INSERT INTO values_mapping VALUES ('http://abc.xyz',X'6b00313239',X'7800',13269481776485093);
INSERT INTO values_mapping VALUES ('http://abc.xyz',X'6b00313330',X'7800',13269481776486094);
INSERT INTO values_mapping VALUES ('http://abc.xyz',X'6b00313331',X'7800',13269481776487095);
INSERT INTO values_mapping VALUES ('http://abc.xyz',X'6b00313332',X'7800',13269481776488096);
INSERT INTO values_mapping VALUES ('http://abc.xyz',X'6b00313333',X'7800',13269481776489097);
INSERT INTO values_mapping VALUES ('http://abc.xyz',X'6b00313334',X'7800',13269481776490098);
INSERT INTO values_mapping VALUES ('http://abc.xyz',X'6b00313335',X'7800',13269481776491099);
INSERT INTO values_mapping VALUES ('http://abc.xyz',X'6b00313336',X'7800',13269481776492100);
INSERT INTO values_mapping VALUES ('http://abc.xyz',X'6b00313337',X'7800',13269481776493101);
INSERT INTO values_mapping VALUES ('http://abc.xyz',X'6b00313338',X'7800',13269481776494102);
INSERT INTO values_mapping VALUES ('http://abc.xyz',X'6b00313339',X'7800',13269481776495103);
INSERT INTO values_mapping VALUES ('http://abc.xyz',X'6b00313430',X'7800',13269481776496104);
INSERT INTO values_mapping VALUES ('http://abc.xyz',X'6b00313431',X'7800',13269481776497105);
INSERT INTO values_mapping VALUES ('http://abc.xyz',X'6b00313432',X'7800',13269481776498106);
INSERT INTO values_mapping VALUES ('http://abc.xyz',X'6b00313433',X'7800',13269481776499107);
INSERT INTO values_mapping VALUES ('http://abc.xyz',X'6b00313434',X'7800',13269481776500108);
INSERT INTO values_mapping VALUES ('http://abc.xyz',X'6b00313435',X'7800',13269481776501109);
INSERT INTO values_mapping VALUES ('http://abc.xyz',X'6b00313436',X'7800',13269481776502110);
INSERT INTO values_mapping VALUES ('http://abc.xyz',X'6b00313437',X'7800',13269481776503111);
INSERT INTO values_mapping VALUES ('http://abc.xyz',X'6b00313438',X'7800',13269481776504112);
INSERT INTO values_mapping VALUES ('http://abc.xyz',X'6b00313439',X'7800',13269481776505113);
INSERT INTO values_mapping VALUES ('http://abc.xyz',X'6b00313530',X'7800',13269481776506114);
INSERT INTO values_mapping VALUES ('http://abc.xyz',X'6b00313531',X'7800',13269481776507115);
INSERT INTO values_mapping VALUES ('http://abc.xyz',X'6b00313532',X'7800',13269481776508116);
INSERT INTO values_mapping VALUES ('http://abc.xyz',X'6b00313533',X'7800',13269481776509117);
INSERT INTO values_mapping VALUES ('http://abc.xyz',X'6b00313534',X'7800',13269481776510118);
INSERT INTO values_mapping VALUES ('http://abc.xyz',X'6b00313535',X'7800',13269481776511119);
INSERT INTO values_mapping VALUES ('http://abc.xyz',X'6b00313536',X'7800',13269481776512120);
INSERT INTO values_mapping VALUES ('http://abc.xyz',X'6b00313537',X'7800',13269481776513121);
INSERT INTO values_mapping VALUES ('http://abc.xyz',X'6b00313538',X'7800',13269481776514122);
INSERT INTO values_mapping VALUES ('http://abc.xyz',X'6b00313539',X'7800',13269481776515123);
INSERT INTO values_mapping VALUES ('http://abc.xyz',X'6b00313630',X'7800',13269481776516124);
INSERT INTO values_mapping VALUES ('http://abc.xyz',X'6b00313631',X'7800',13269481776517125);
INSERT INTO values_mapping VALUES ('http://abc.xyz',X'6b00313632',X'7800',13269481776518126);
INSERT INTO values_mapping VALUES ('http://abc.xyz',X'6b00313633',X'7800',13269481776519127);
INSERT INTO values_mapping VALUES ('http://abc.xyz',X'6b00313634',X'7800',13269481776520128);
INSERT INTO values_mapping VALUES ('http://abc.xyz',X'6b00313635',X'7800',13269481776521129);
INSERT INTO values_mapping VALUES ('http://abc.xyz',X'6b00313636',X'7800',13269481776522130);
INSERT INTO values_mapping VALUES ('http://abc.xyz',X'6b00313637',X'7800',13269481776523131);
INSERT INTO values_mapping VALUES ('http://abc.xyz',X'6b00313638',X'7800',13269481776524132);
INSERT INTO values_mapping VALUES ('http://abc.xyz',X'6b00313639',X'7800',13269481776525133);
INSERT INTO values_mapping VALUES ('http://abc.xyz',X'6b00313730',X'7800',13269481776526134);
INSERT INTO values_mapping VALUES ('http://abc.xyz',X'6b00313731',X'7800',13269481776527135);
INSERT INTO values_mapping VALUES ('http://abc.xyz',X'6b00313732',X'7800',13269481776528136);
INSERT INTO values_mapping VALUES ('http://abc.xyz',X'6b00313733',X'7800',13269481776529137);
INSERT INTO values_mapping VALUES ('http://abc.xyz',X'6b00313734',X'7800',13269481776530138);
INSERT INTO values_mapping VALUES ('http://abc.xyz',X'6b00313735',X'7800',13269481776531139);
INSERT INTO values_mapping VALUES ('http://abc.xyz',X'6b00313736',X'7800',13269481776532140);
INSERT INTO values_mapping VALUES ('http://abc.xyz',X'6b00313737',X'7800',13269481776533141);
INSERT INTO values_mapping VALUES ('http://abc.xyz',X'6b00313738',X'7800',13269481776534142);
INSERT INTO values_mapping VALUES ('http://abc.xyz',X'6b00313739',X'7800',13269481776535143);
INSERT INTO values_mapping VALUES ('http://abc.xyz',X'6b00313830',X'7800',13269481776536144);
INSERT INTO values_mapping VALUES ('http://abc.xyz',X'6b00313831',X'7800',13269481776537145);
INSERT INTO values_mapping VALUES ('http://abc.xyz',X'6b00313832',X'7800',13269481776538146);
INSERT INTO values_mapping VALUES ('http://abc.xyz',X'6b00313833',X'7800',13269481776539147);
INSERT INTO values_mapping VALUES ('http://abc.xyz',X'6b00313834',X'7800',13269481776540148);
INSERT INTO values_mapping VALUES ('http://abc.xyz',X'6b00313835',X'7800',13269481776541149);
INSERT INTO values_mapping VALUES ('http://abc.xyz',X'6b00313836',X'7800',13269481776542150);
INSERT INTO values_mapping VALUES ('http://abc.xyz',X'6b00313837',X'7800',13269481776543151);
INSERT INTO values_mapping VALUES ('http://abc.xyz',X'6b00313838',X'7800',13269481776544152);
INSERT INTO values_mapping VALUES ('http://abc.xyz',X'6b00313839',X'7800',13269481776545153);
INSERT INTO values_mapping VALUES ('http://abc.xyz',X'6b00313930',X'7800',13269481776546154);
INSERT INTO values_mapping VALUES ('http://abc.xyz',X'6b00313931',X'7800',13269481776547155);
INSERT INTO values_mapping VALUES ('http://abc.xyz',X'6b00313932',X'7800',13269481776548156);
INSERT INTO values_mapping VALUES ('http://abc.xyz',X'6b00313933',X'7800',13269481776549157);
INSERT INTO values_mapping VALUES ('http://abc.xyz',X'6b00313934',X'7800',13269481776550158);
INSERT INTO values_mapping VALUES ('http://abc.xyz',X'6b00313935',X'7800',13269481776551159);
INSERT INTO values_mapping VALUES ('http://abc.xyz',X'6b00313936',X'7800',13269481776552160);
INSERT INTO values_mapping VALUES ('http://abc.xyz',X'6b00313937',X'7800',13269481776553161);
INSERT INTO values_mapping VALUES ('http://abc.xyz',X'6b00313938',X'7800',13269481776554162);
INSERT INTO values_mapping VALUES ('http://abc.xyz',X'6b00313939',X'7800',13269481776555163);
INSERT INTO values_mapping VALUES ('http://abc.xyz',X'6b00323030',X'7800',13269481776556164);
INSERT INTO values_mapping VALUES ('http://abc.xyz',X'6b00323031',X'7800',13269481776557165);
INSERT INTO values_mapping VALUES ('http://abc.xyz',X'6b00323032',X'7800',13269481776558166);
INSERT INTO values_mapping VALUES ('http://abc.xyz',X'6b00323033',X'7800',13269481776559167);
INSERT INTO values_mapping VALUES ('http://abc.xyz',X'6b00323034',X'7800',13269481776560168);
INSERT INTO values_mapping VALUES ('http://abc.xyz',X'6b00323035',X'7800',13269481776561169);
INSERT INTO values_mapping VALUES ('http://abc.xyz',X'6b00323036',X'7800',13269481776562170);
INSERT INTO values_mapping VALUES ('http://abc.xyz',X'6b00323037',X'7800',13269481776563171);
INSERT INTO values_mapping VALUES ('http://abc.xyz',X'6b00323038',X'7800',13269481776564172);
INSERT INTO values_mapping VALUES ('http://abc.xyz',X'6b00323039',X'7800',13269481776565173);
INSERT INTO values_mapping VALUES ('http://abc.xyz',X'6b00323130',X'7800',13269481776566174);
INSERT INTO values_mapping VALUES ('http://abc.xyz',X'6b00323131',X'7800',13269481776567175);
INSERT INTO values_mapping VALUES ('http://abc.xyz',X'6b00323132',X'7800',13269481776568176);
INSERT INTO values_mapping VALUES ('http://abc.xyz',X'6b00323133',X'7800',13269481776569177);
INSERT INTO values_mapping VALUES ('http://abc.xyz',X'6b00323134',X'7800',13269481776570178);
INSERT INTO values_mapping VALUES ('http://abc.xyz',X'6b00323135',X'7800',13269481776571179);
INSERT INTO values_mapping VALUES ('http://abc.xyz',X'6b00323136',X'7800',13269481776572180);
INSERT INTO values_mapping VALUES ('http://abc.xyz',X'6b00323137',X'7800',13269481776573181);
INSERT INTO values_mapping VALUES ('http://abc.xyz',X'6b00323138',X'7800',13269481776574182);
INSERT INTO values_mapping VALUES ('http://abc.xyz',X'6b00323139',X'7800',13269481776575183);
INSERT INTO values_mapping VALUES ('http://abc.xyz',X'6b00323230',X'7800',13269481776576184);
INSERT INTO values_mapping VALUES ('http://abc.xyz',X'6b00323231',X'7800',13269481776577185);
INSERT INTO values_mapping VALUES ('http://abc.xyz',X'6b00323232',X'7800',13269481776578186);
INSERT INTO values_mapping VALUES ('http://abc.xyz',X'6b00323233',X'7800',13269481776579187);
INSERT INTO values_mapping VALUES ('http://abc.xyz',X'6b00323234',X'7800',13269481776580188);
INSERT INTO values_mapping VALUES ('http://abc.xyz',X'6b00323235',X'7800',13269481776581189);
INSERT INTO values_mapping VALUES ('http://abc.xyz',X'6b00323236',X'7800',13269481776582190);
INSERT INTO values_mapping VALUES ('http://abc.xyz',X'6b00323237',X'7800',13269481776583191);
INSERT INTO values_mapping VALUES ('http://abc.xyz',X'6b00323238',X'7800',13269481776584192);
INSERT INTO values_mapping VALUES ('http://abc.xyz',X'6b00323239',X'7800',13269481776585193);
INSERT INTO values_mapping VALUES ('http://abc.xyz',X'6b00323330',X'7800',13269481776586194);
INSERT INTO values_mapping VALUES ('http://abc.xyz',X'6b00323331',X'7800',13269481776587195);
INSERT INTO values_mapping VALUES ('http://abc.xyz',X'6b00323332',X'7800',13269481776588196);
INSERT INTO values_mapping VALUES ('http://abc.xyz',X'6b00323333',X'7800',13269481776589197);
INSERT INTO values_mapping VALUES ('http://abc.xyz',X'6b00323334',X'7800',13269481776590198);
INSERT INTO values_mapping VALUES ('http://abc.xyz',X'6b00323335',X'7800',13269481776591199);
INSERT INTO values_mapping VALUES ('http://abc.xyz',X'6b00323336',X'7800',13269481776592200);
INSERT INTO values_mapping VALUES ('http://abc.xyz',X'6b00323337',X'7800',13269481776593201);
INSERT INTO values_mapping VALUES ('http://abc.xyz',X'6b00323338',X'7800',13269481776594202);
INSERT INTO values_mapping VALUES ('http://abc.xyz',X'6b00323339',X'7800',13269481776595203);
INSERT INTO values_mapping VALUES ('http://abc.xyz',X'6b00323430',X'7800',13269481776596204);
INSERT INTO values_mapping VALUES ('http://abc.xyz',X'6b00323431',X'7800',13269481776597205);
INSERT INTO values_mapping VALUES ('http://abc.xyz',X'6b00323432',X'7800',13269481776598206);
INSERT INTO values_mapping VALUES ('http://abc.xyz',X'6b00323433',X'7800',13269481776599207);
INSERT INTO values_mapping VALUES ('http://abc.xyz',X'6b00323434',X'7800',13269481776600208);
INSERT INTO values_mapping VALUES ('http://abc.xyz',X'6b00323435',X'7800',13269481776601209);
INSERT INTO values_mapping VALUES ('http://abc.xyz',X'6b00323436',X'7800',13269481776602210);
INSERT INTO values_mapping VALUES ('http://abc.xyz',X'6b00323437',X'7800',13269481776603211);
INSERT INTO values_mapping VALUES ('http://abc.xyz',X'6b00323438',X'7800',13269481776604212);
INSERT INTO values_mapping VALUES ('http://abc.xyz',X'6b00323439',X'7800',13269481776605213);
INSERT INTO values_mapping VALUES ('http://abc.xyz',X'6b00323530',X'7800',13269481776606214);
INSERT INTO values_mapping VALUES ('http://google.org',X'6b0030303031',X'300031003200330034003500360037003800390030003100320033003400350036003700380039003000310032003300340035003600370038003900300031003200330034003500360037003800390030003100320033003400350036003700380039003000310032003300340035003600370038003900300031003200330034003500360037003800390030003100320033003400350036003700380039003000310032003300340035003600370038003900300031003200330034003500360037003800390030003100320033003400350036003700380039003000310032003300340035003600370038003900300031003200330034003500360037003800390030003100320033003400350036003700380039003000310032003300340035003600370038003900300031003200330034003500360037003800390030003100320033003400350036003700380039003000310032003300340035003600370038003900300031003200330034003500360037003800390030003100320033003400350036003700380039003000310032003300340035003600370038003900300031003200330034003500360037003800390030003100320033003400350036003700380039003000310032003300340035003600370038003900300031003200330034003500360037003800390030003100320033003400350036003700380039003000310032003300340035003600370038003900300031003200330034003500360037003800390030003100320033003400350036003700380039003000310032003300340035003600370038003900300031003200330034003500360037003800390030003100320033003400350036003700380039003000310032003300340035003600370038003900300031003200330034003500360037003800390030003100320033003400350036003700380039003000310032003300340035003600370038003900300031003200330034003500360037003800390030003100320033003400350036003700380039003000310032003300340035003600370038003900300031003200330034003500360037003800390030003100320033003400350036003700380039003000310032003300340035003600370038003900300031003200330034003500360037003800390030003100320033003400350036003700380039003000310032003300340035003600370038003900300031003200330034003500360037003800390030003100320033003400350036003700380039003000310032003300340035003600370038003900300031003200330034003500360037003800390030003100320033003400',13269546476192362);
INSERT INTO values_mapping VALUES ('http://google.org',X'6b0030303032',X'300031003200330034003500360037003800390030003100320033003400350036003700380039003000310032003300340035003600370038003900300031003200330034003500360037003800390030003100320033003400350036003700380039003000310032003300340035003600370038003900300031003200330034003500360037003800390030003100320033003400350036003700380039003000310032003300340035003600370038003900300031003200330034003500360037003800390030003100320033003400350036003700380039003000310032003300340035003600370038003900300031003200330034003500360037003800390030003100320033003400350036003700380039003000310032003300340035003600370038003900300031003200330034003500360037003800390030003100320033003400350036003700380039003000310032003300340035003600370038003900300031003200330034003500360037003800390030003100320033003400350036003700380039003000310032003300340035003600370038003900300031003200330034003500360037003800390030003100320033003400350036003700380039003000310032003300340035003600370038003900300031003200330034003500360037003800390030003100320033003400350036003700380039003000310032003300340035003600370038003900300031003200330034003500360037003800390030003100320033003400350036003700380039003000310032003300340035003600370038003900300031003200330034003500360037003800390030003100320033003400350036003700380039003000310032003300340035003600370038003900300031003200330034003500360037003800390030003100320033003400350036003700380039003000310032003300340035003600370038003900300031003200330034003500360037003800390030003100320033003400350036003700380039003000310032003300340035003600370038003900300031003200330034003500360037003800390030003100320033003400350036003700380039003000310032003300340035003600370038003900300031003200330034003500360037003800390030003100320033003400350036003700380039003000310032003300340035003600370038003900300031003200330034003500360037003800390030003100320033003400350036003700380039003000310032003300340035003600370038003900300031003200330034003500360037003800390030003100320033003400',13269546476193363);
INSERT INTO values_mapping VALUES ('http://google.org',X'6b0030303033',X'300031003200330034003500360037003800390030003100320033003400350036003700380039003000310032003300340035003600370038003900300031003200330034003500360037003800390030003100320033003400350036003700380039003000310032003300340035003600370038003900300031003200330034003500360037003800390030003100320033003400350036003700380039003000310032003300340035003600370038003900300031003200330034003500360037003800390030003100320033003400350036003700380039003000310032003300340035003600370038003900300031003200330034003500360037003800390030003100320033003400350036003700380039003000310032003300340035003600370038003900300031003200330034003500360037003800390030003100320033003400350036003700380039003000310032003300340035003600370038003900300031003200330034003500360037003800390030003100320033003400350036003700380039003000310032003300340035003600370038003900300031003200330034003500360037003800390030003100320033003400350036003700380039003000310032003300340035003600370038003900300031003200330034003500360037003800390030003100320033003400350036003700380039003000310032003300340035003600370038003900300031003200330034003500360037003800390030003100320033003400350036003700380039003000310032003300340035003600370038003900300031003200330034003500360037003800390030003100320033003400350036003700380039003000310032003300340035003600370038003900300031003200330034003500360037003800390030003100320033003400350036003700380039003000310032003300340035003600370038003900300031003200330034003500360037003800390030003100320033003400350036003700380039003000310032003300340035003600370038003900300031003200330034003500360037003800390030003100320033003400350036003700380039003000310032003300340035003600370038003900300031003200330034003500360037003800390030003100320033003400350036003700380039003000310032003300340035003600370038003900300031003200330034003500360037003800390030003100320033003400350036003700380039003000310032003300340035003600370038003900300031003200330034003500360037003800390030003100320033003400',13269546476194364);
INSERT INTO values_mapping VALUES ('http://google.org',X'6b0030303034',X'300031003200330034003500360037003800390030003100320033003400350036003700380039003000310032003300340035003600370038003900300031003200330034003500360037003800390030003100320033003400350036003700380039003000310032003300340035003600370038003900300031003200330034003500360037003800390030003100320033003400350036003700380039003000310032003300340035003600370038003900300031003200330034003500360037003800390030003100320033003400350036003700380039003000310032003300340035003600370038003900300031003200330034003500360037003800390030003100320033003400350036003700380039003000310032003300340035003600370038003900300031003200330034003500360037003800390030003100320033003400350036003700380039003000310032003300340035003600370038003900300031003200330034003500360037003800390030003100320033003400350036003700380039003000310032003300340035003600370038003900300031003200330034003500360037003800390030003100320033003400350036003700380039003000310032003300340035003600370038003900300031003200330034003500360037003800390030003100320033003400350036003700380039003000310032003300340035003600370038003900300031003200330034003500360037003800390030003100320033003400350036003700380039003000310032003300340035003600370038003900300031003200330034003500360037003800390030003100320033003400350036003700380039003000310032003300340035003600370038003900300031003200330034003500360037003800390030003100320033003400350036003700380039003000310032003300340035003600370038003900300031003200330034003500360037003800390030003100320033003400350036003700380039003000310032003300340035003600370038003900300031003200330034003500360037003800390030003100320033003400350036003700380039003000310032003300340035003600370038003900300031003200330034003500360037003800390030003100320033003400350036003700380039003000310032003300340035003600370038003900300031003200330034003500360037003800390030003100320033003400350036003700380039003000310032003300340035003600370038003900300031003200330034003500360037003800390030003100320033003400',13269546476195365);
INSERT INTO values_mapping VALUES ('http://google.org',X'6b0030303035',X'300031003200330034003500360037003800390030003100320033003400350036003700380039003000310032003300340035003600370038003900300031003200330034003500360037003800390030003100320033003400350036003700380039003000310032003300340035003600370038003900300031003200330034003500360037003800390030003100320033003400350036003700380039003000310032003300340035003600370038003900300031003200330034003500360037003800390030003100320033003400350036003700380039003000310032003300340035003600370038003900300031003200330034003500360037003800390030003100320033003400350036003700380039003000310032003300340035003600370038003900300031003200330034003500360037003800390030003100320033003400350036003700380039003000310032003300340035003600370038003900300031003200330034003500360037003800390030003100320033003400350036003700380039003000310032003300340035003600370038003900300031003200330034003500360037003800390030003100320033003400350036003700380039003000310032003300340035003600370038003900300031003200330034003500360037003800390030003100320033003400350036003700380039003000310032003300340035003600370038003900300031003200330034003500360037003800390030003100320033003400350036003700380039003000310032003300340035003600370038003900300031003200330034003500360037003800390030003100320033003400350036003700380039003000310032003300340035003600370038003900300031003200330034003500360037003800390030003100320033003400350036003700380039003000310032003300340035003600370038003900300031003200330034003500360037003800390030003100320033003400350036003700380039003000310032003300340035003600370038003900300031003200330034003500360037003800390030003100320033003400350036003700380039003000310032003300340035003600370038003900300031003200330034003500360037003800390030003100320033003400350036003700380039003000310032003300340035003600370038003900300031003200330034003500360037003800390030003100320033003400350036003700380039003000310032003300340035003600370038003900300031003200330034003500360037003800390030003100320033003400',13269546476196366);
INSERT INTO values_mapping VALUES ('http://google.org',X'6b0030303036',X'300031003200330034003500360037003800390030003100320033003400350036003700380039003000310032003300340035003600370038003900300031003200330034003500360037003800390030003100320033003400350036003700380039003000310032003300340035003600370038003900300031003200330034003500360037003800390030003100320033003400350036003700380039003000310032003300340035003600370038003900300031003200330034003500360037003800390030003100320033003400350036003700380039003000310032003300340035003600370038003900300031003200330034003500360037003800390030003100320033003400350036003700380039003000310032003300340035003600370038003900300031003200330034003500360037003800390030003100320033003400350036003700380039003000310032003300340035003600370038003900300031003200330034003500360037003800390030003100320033003400350036003700380039003000310032003300340035003600370038003900300031003200330034003500360037003800390030003100320033003400350036003700380039003000310032003300340035003600370038003900300031003200330034003500360037003800390030003100320033003400350036003700380039003000310032003300340035003600370038003900300031003200330034003500360037003800390030003100320033003400350036003700380039003000310032003300340035003600370038003900300031003200330034003500360037003800390030003100320033003400350036003700380039003000310032003300340035003600370038003900300031003200330034003500360037003800390030003100320033003400350036003700380039003000310032003300340035003600370038003900300031003200330034003500360037003800390030003100320033003400350036003700380039003000310032003300340035003600370038003900300031003200330034003500360037003800390030003100320033003400350036003700380039003000310032003300340035003600370038003900300031003200330034003500360037003800390030003100320033003400350036003700380039003000310032003300340035003600370038003900300031003200330034003500360037003800390030003100320033003400350036003700380039003000310032003300340035003600370038003900300031003200330034003500360037003800390030003100320033003400',13269546476197367);
INSERT INTO values_mapping VALUES ('http://google.org',X'6b0030303037',X'300031003200330034003500360037003800390030003100320033003400350036003700380039003000310032003300340035003600370038003900300031003200330034003500360037003800390030003100320033003400350036003700380039003000310032003300340035003600370038003900300031003200330034003500360037003800390030003100320033003400350036003700380039003000310032003300340035003600370038003900300031003200330034003500360037003800390030003100320033003400350036003700380039003000310032003300340035003600370038003900300031003200330034003500360037003800390030003100320033003400350036003700380039003000310032003300340035003600370038003900300031003200330034003500360037003800390030003100320033003400350036003700380039003000310032003300340035003600370038003900300031003200330034003500360037003800390030003100320033003400350036003700380039003000310032003300340035003600370038003900300031003200330034003500360037003800390030003100320033003400350036003700380039003000310032003300340035003600370038003900300031003200330034003500360037003800390030003100320033003400350036003700380039003000310032003300340035003600370038003900300031003200330034003500360037003800390030003100320033003400350036003700380039003000310032003300340035003600370038003900300031003200330034003500360037003800390030003100320033003400350036003700380039003000310032003300340035003600370038003900300031003200330034003500360037003800390030003100320033003400350036003700380039003000310032003300340035003600370038003900300031003200330034003500360037003800390030003100320033003400350036003700380039003000310032003300340035003600370038003900300031003200330034003500360037003800390030003100320033003400350036003700380039003000310032003300340035003600370038003900300031003200330034003500360037003800390030003100320033003400350036003700380039003000310032003300340035003600370038003900300031003200330034003500360037003800390030003100320033003400350036003700380039003000310032003300340035003600370038003900300031003200330034003500360037003800390030003100320033003400',13269546476198368);
INSERT INTO values_mapping VALUES ('http://google.org',X'6b0030303038',X'300031003200330034003500360037003800390030003100320033003400350036003700380039003000310032003300340035003600370038003900300031003200330034003500360037003800390030003100320033003400350036003700380039003000310032003300340035003600370038003900300031003200330034003500360037003800390030003100320033003400350036003700380039003000310032003300340035003600370038003900300031003200330034003500360037003800390030003100320033003400350036003700380039003000310032003300340035003600370038003900300031003200330034003500360037003800390030003100320033003400350036003700380039003000310032003300340035003600370038003900300031003200330034003500360037003800390030003100320033003400350036003700380039003000310032003300340035003600370038003900300031003200330034003500360037003800390030003100320033003400350036003700380039003000310032003300340035003600370038003900300031003200330034003500360037003800390030003100320033003400350036003700380039003000310032003300340035003600370038003900300031003200330034003500360037003800390030003100320033003400350036003700380039003000310032003300340035003600370038003900300031003200330034003500360037003800390030003100320033003400350036003700380039003000310032003300340035003600370038003900300031003200330034003500360037003800390030003100320033003400350036003700380039003000310032003300340035003600370038003900300031003200330034003500360037003800390030003100320033003400350036003700380039003000310032003300340035003600370038003900300031003200330034003500360037003800390030003100320033003400350036003700380039003000310032003300340035003600370038003900300031003200330034003500360037003800390030003100320033003400350036003700380039003000310032003300340035003600370038003900300031003200330034003500360037003800390030003100320033003400350036003700380039003000310032003300340035003600370038003900300031003200330034003500360037003800390030003100320033003400350036003700380039003000310032003300340035003600370038003900300031003200330034003500360037003800390030003100320033003400',13269546476199369);
INSERT INTO values_mapping VALUES ('http://google.org',X'6b0030303039',X'300031003200330034003500360037003800390030003100320033003400350036003700380039003000310032003300340035003600370038003900300031003200330034003500360037003800390030003100320033003400350036003700380039003000310032003300340035003600370038003900300031003200330034003500360037003800390030003100320033003400350036003700380039003000310032003300340035003600370038003900300031003200330034003500360037003800390030003100320033003400350036003700380039003000310032003300340035003600370038003900300031003200330034003500360037003800390030003100320033003400350036003700380039003000310032003300340035003600370038003900300031003200330034003500360037003800390030003100320033003400350036003700380039003000310032003300340035003600370038003900300031003200330034003500360037003800390030003100320033003400350036003700380039003000310032003300340035003600370038003900300031003200330034003500360037003800390030003100320033003400350036003700380039003000310032003300340035003600370038003900300031003200330034003500360037003800390030003100320033003400350036003700380039003000310032003300340035003600370038003900300031003200330034003500360037003800390030003100320033003400350036003700380039003000310032003300340035003600370038003900300031003200330034003500360037003800390030003100320033003400350036003700380039003000310032003300340035003600370038003900300031003200330034003500360037003800390030003100320033003400350036003700380039003000310032003300340035003600370038003900300031003200330034003500360037003800390030003100320033003400350036003700380039003000310032003300340035003600370038003900300031003200330034003500360037003800390030003100320033003400350036003700380039003000310032003300340035003600370038003900300031003200330034003500360037003800390030003100320033003400350036003700380039003000310032003300340035003600370038003900300031003200330034003500360037003800390030003100320033003400350036003700380039003000310032003300340035003600370038003900300031003200330034003500360037003800390030003100320033003400',13269546476200370);
INSERT INTO values_mapping VALUES ('http://google.org',X'6b0030303130',X'300031003200330034003500360037003800390030003100320033003400350036003700380039003000310032003300340035003600370038003900300031003200330034003500360037003800390030003100320033003400350036003700380039003000310032003300340035003600370038003900300031003200330034003500360037003800390030003100320033003400350036003700380039003000310032003300340035003600370038003900300031003200330034003500360037003800390030003100320033003400350036003700380039003000310032003300340035003600370038003900300031003200330034003500360037003800390030003100320033003400350036003700380039003000310032003300340035003600370038003900300031003200330034003500360037003800390030003100320033003400350036003700380039003000310032003300340035003600370038003900300031003200330034003500360037003800390030003100320033003400350036003700380039003000310032003300340035003600370038003900300031003200330034003500360037003800390030003100320033003400350036003700380039003000310032003300340035003600370038003900300031003200330034003500360037003800390030003100320033003400350036003700380039003000310032003300340035003600370038003900300031003200330034003500360037003800390030003100320033003400350036003700380039003000310032003300340035003600370038003900300031003200330034003500360037003800390030003100320033003400350036003700380039003000310032003300340035003600370038003900300031003200330034003500360037003800390030003100320033003400350036003700380039003000310032003300340035003600370038003900300031003200330034003500360037003800390030003100320033003400350036003700380039003000310032003300340035003600370038003900300031003200330034003500360037003800390030003100320033003400350036003700380039003000310032003300340035003600370038003900300031003200330034003500360037003800390030003100320033003400350036003700380039003000310032003300340035003600370038003900300031003200330034003500360037003800390030003100320033003400350036003700380039003000310032003300340035003600370038003900300031003200330034003500360037003800390030003100320033003400',13269546476201371);
CREATE TABLE budget_mapping(id INTEGER NOT NULL PRIMARY KEY,context_site TEXT NOT NULL,time_stamp INTEGER NOT NULL,bits_debit REAL NOT NULL);
CREATE TABLE IF NOT EXISTS "per_origin_mapping"(context_origin TEXT NOT NULL PRIMARY KEY,creation_time INTEGER NOT NULL,num_bytes INTEGER NOT NULL) WITHOUT ROWID;
INSERT INTO "per_origin_mapping" VALUES ('http://google.com',13266954476192362,2000);
INSERT INTO "per_origin_mapping" VALUES ('http://chromium.org',13268941676192362,4000);
INSERT INTO "per_origin_mapping" VALUES ('http://gv.com',13268941793856733,150);
INSERT INTO "per_origin_mapping" VALUES ('http://abc.xyz',13269481776356965,2500);
INSERT INTO "per_origin_mapping" VALUES ('http://google.org',13269546476192362,10000);
CREATE INDEX budget_mapping_site_time_stamp_idx ON budget_mapping(context_site,time_stamp);
CREATE INDEX values_mapping_last_used_time_idx ON values_mapping(last_used_time);
CREATE INDEX per_origin_mapping_creation_time_idx ON per_origin_mapping(creation_time);
COMMIT;
