-- components_unittests --gtest_filter=SharedStorageDatabaseIteratorTest
--
-- .dump of a version 2 Shared Storage database.
PRAGMA foreign_keys=OFF;
BEGIN TRANSACTION;
CREATE TABLE meta(key LONGVARCHAR NOT NULL UNIQUE PRIMARY KEY, value LONGVARCHAR);
INSERT INTO meta VALUES('mmap_status','-1');
INSERT INTO "meta" VALUES('version','2');
INSERT INTO "meta" VALUES('last_compatible_version','1');
CREATE TABLE IF NOT EXISTS "values_mapping"(context_origin TEXT NOT NULL,key TEXT NOT NULL,value TEXT,last_used_time INTEGER NOT NULL,PRIMARY KEY(context_origin,key)) WITHOUT ROWID;
INSERT INTO "values_mapping" VALUES ('http://google.com','key1','value1',13266954476192362);
INSERT INTO "values_mapping" VALUES ('http://google.com','key2','value2',13266954476192362);
INSERT INTO "values_mapping" VALUES ('http://google.com','key3','value3',13266954476192362);
INSERT INTO "values_mapping" VALUES ('http://google.com','key4','value4',13266954476192362);
INSERT INTO "values_mapping" VALUES ('http://google.com','key5','value5',13266954476192362);
INSERT INTO "values_mapping" VALUES ('http://google.com','key6','value6',13266954476192362);
INSERT INTO "values_mapping" VALUES ('http://google.com','key7','value7',13266954476192362);
INSERT INTO "values_mapping" VALUES ('http://google.com','key8','value8',13266954476192362);
INSERT INTO "values_mapping" VALUES ('http://google.com','key9','value9',13266954476192362);
INSERT INTO "values_mapping" VALUES ('http://google.com','key10','value10',13266954476192362);
INSERT INTO "values_mapping" VALUES ('http://google.com','key11','value11',13266954476192362);
INSERT INTO "values_mapping" VALUES ('http://google.com','key12','value12',13266954476192362);
INSERT INTO "values_mapping" VALUES ('http://google.com','key13','value13',13266954476192362);
INSERT INTO "values_mapping" VALUES ('http://google.com','key14','value14',13266954476192362);
INSERT INTO "values_mapping" VALUES ('http://google.com','key15','value15',13266954476192362);
INSERT INTO "values_mapping" VALUES ('http://google.com','key16','value16',13266954476192362);
INSERT INTO "values_mapping" VALUES ('http://google.com','key17','value17',13266954476192362);
INSERT INTO "values_mapping" VALUES ('http://google.com','key18','value18',13266954476192362);
INSERT INTO "values_mapping" VALUES ('http://google.com','key19','value19',13266954476192362);
INSERT INTO "values_mapping" VALUES ('http://google.com','key20','value20',13266954476192362);
INSERT INTO "values_mapping" VALUES ('http://google.com','key21','value21',13266954476192362);
INSERT INTO "values_mapping" VALUES ('http://google.com','key22','value22',13266954476192362);
INSERT INTO "values_mapping" VALUES ('http://google.com','key23','value23',13266954476192362);
INSERT INTO "values_mapping" VALUES ('http://google.com','key24','value24',13266954476192362);
INSERT INTO "values_mapping" VALUES ('http://google.com','key25','value25',13266954476192362);
INSERT INTO "values_mapping" VALUES ('http://google.com','key26','value26',13266954476192362);
INSERT INTO "values_mapping" VALUES ('http://google.com','key27','value27',13266954476192362);
INSERT INTO "values_mapping" VALUES ('http://google.com','key28','value28',13266954476192362);
INSERT INTO "values_mapping" VALUES ('http://google.com','key29','value29',13266954476192362);
INSERT INTO "values_mapping" VALUES ('http://google.com','key30','value30',13266954476192362);
INSERT INTO "values_mapping" VALUES ('http://google.com','key31','value31',13266954476192362);
INSERT INTO "values_mapping" VALUES ('http://google.com','key32','value32',13266954476192362);
INSERT INTO "values_mapping" VALUES ('http://google.com','key33','value33',13266954476192362);
INSERT INTO "values_mapping" VALUES ('http://google.com','key34','value34',13266954476192362);
INSERT INTO "values_mapping" VALUES ('http://google.com','key35','value35',13266954476192362);
INSERT INTO "values_mapping" VALUES ('http://google.com','key36','value36',13266954476192362);
INSERT INTO "values_mapping" VALUES ('http://google.com','key37','value37',13266954476192362);
INSERT INTO "values_mapping" VALUES ('http://google.com','key38','value38',13266954476192362);
INSERT INTO "values_mapping" VALUES ('http://google.com','key39','value39',13266954476192362);
INSERT INTO "values_mapping" VALUES ('http://google.com','key40','value40',13266954476192362);
INSERT INTO "values_mapping" VALUES ('http://google.com','key41','value41',13266954476192362);
INSERT INTO "values_mapping" VALUES ('http://google.com','key42','value42',13266954476192362);
INSERT INTO "values_mapping" VALUES ('http://google.com','key43','value43',13266954476192362);
INSERT INTO "values_mapping" VALUES ('http://google.com','key44','value44',13266954476192362);
INSERT INTO "values_mapping" VALUES ('http://google.com','key45','value45',13266954476192362);
INSERT INTO "values_mapping" VALUES ('http://google.com','key46','value46',13266954476192362);
INSERT INTO "values_mapping" VALUES ('http://google.com','key47','value47',13266954476192362);
INSERT INTO "values_mapping" VALUES ('http://google.com','key48','value48',13266954476192362);
INSERT INTO "values_mapping" VALUES ('http://google.com','key49','value49',13266954476192362);
INSERT INTO "values_mapping" VALUES ('http://google.com','key50','value50',13266954476192362);
INSERT INTO "values_mapping" VALUES ('http://google.com','key51','value51',13266954476192362);
INSERT INTO "values_mapping" VALUES ('http://google.com','key52','value52',13266954476192362);
INSERT INTO "values_mapping" VALUES ('http://google.com','key53','value53',13266954476192362);
INSERT INTO "values_mapping" VALUES ('http://google.com','key54','value54',13266954476192362);
INSERT INTO "values_mapping" VALUES ('http://google.com','key55','value55',13266954476192362);
INSERT INTO "values_mapping" VALUES ('http://google.com','key56','value56',13266954476192362);
INSERT INTO "values_mapping" VALUES ('http://google.com','key57','value57',13266954476192362);
INSERT INTO "values_mapping" VALUES ('http://google.com','key58','value58',13266954476192362);
INSERT INTO "values_mapping" VALUES ('http://google.com','key59','value59',13266954476192362);
INSERT INTO "values_mapping" VALUES ('http://google.com','key60','value60',13266954476192362);
INSERT INTO "values_mapping" VALUES ('http://google.com','key61','value61',13266954476192362);
INSERT INTO "values_mapping" VALUES ('http://google.com','key62','value62',13266954476192362);
INSERT INTO "values_mapping" VALUES ('http://google.com','key63','value63',13266954476192362);
INSERT INTO "values_mapping" VALUES ('http://google.com','key64','value64',13266954476192362);
INSERT INTO "values_mapping" VALUES ('http://google.com','key65','value65',13266954476192362);
INSERT INTO "values_mapping" VALUES ('http://google.com','key66','value66',13266954476192362);
INSERT INTO "values_mapping" VALUES ('http://google.com','key67','value67',13266954476192362);
INSERT INTO "values_mapping" VALUES ('http://google.com','key68','value68',13266954476192362);
INSERT INTO "values_mapping" VALUES ('http://google.com','key69','value69',13266954476192362);
INSERT INTO "values_mapping" VALUES ('http://google.com','key70','value70',13266954476192362);
INSERT INTO "values_mapping" VALUES ('http://google.com','key71','value71',13266954476192362);
INSERT INTO "values_mapping" VALUES ('http://google.com','key72','value72',13266954476192362);
INSERT INTO "values_mapping" VALUES ('http://google.com','key73','value73',13266954476192362);
INSERT INTO "values_mapping" VALUES ('http://google.com','key74','value74',13266954476192362);
INSERT INTO "values_mapping" VALUES ('http://google.com','key75','value75',13266954476192362);
INSERT INTO "values_mapping" VALUES ('http://google.com','key76','value76',13266954476192362);
INSERT INTO "values_mapping" VALUES ('http://google.com','key77','value77',13266954476192362);
INSERT INTO "values_mapping" VALUES ('http://google.com','key78','value78',13266954476192362);
INSERT INTO "values_mapping" VALUES ('http://google.com','key79','value79',13266954476192362);
INSERT INTO "values_mapping" VALUES ('http://google.com','key80','value80',13266954476192362);
INSERT INTO "values_mapping" VALUES ('http://google.com','key81','value81',13266954476192362);
INSERT INTO "values_mapping" VALUES ('http://google.com','key82','value82',13266954476192362);
INSERT INTO "values_mapping" VALUES ('http://google.com','key83','value83',13266954476192362);
INSERT INTO "values_mapping" VALUES ('http://google.com','key84','value84',13266954476192362);
INSERT INTO "values_mapping" VALUES ('http://google.com','key85','value85',13266954476192362);
INSERT INTO "values_mapping" VALUES ('http://google.com','key86','value86',13266954476192362);
INSERT INTO "values_mapping" VALUES ('http://google.com','key87','value87',13266954476192362);
INSERT INTO "values_mapping" VALUES ('http://google.com','key88','value88',13266954476192362);
INSERT INTO "values_mapping" VALUES ('http://google.com','key89','value89',13266954476192362);
INSERT INTO "values_mapping" VALUES ('http://google.com','key90','value90',13266954476192362);
INSERT INTO "values_mapping" VALUES ('http://google.com','key91','value91',13266954476192362);
INSERT INTO "values_mapping" VALUES ('http://google.com','key92','value92',13266954476192362);
INSERT INTO "values_mapping" VALUES ('http://google.com','key93','value93',13266954476192362);
INSERT INTO "values_mapping" VALUES ('http://google.com','key94','value94',13266954476192362);
INSERT INTO "values_mapping" VALUES ('http://google.com','key95','value95',13266954476192362);
INSERT INTO "values_mapping" VALUES ('http://google.com','key96','value96',13266954476192362);
INSERT INTO "values_mapping" VALUES ('http://google.com','key97','value97',13266954476192362);
INSERT INTO "values_mapping" VALUES ('http://google.com','key98','value98',13266954476192362);
INSERT INTO "values_mapping" VALUES ('http://google.com','key99','value99',13266954476192362);
INSERT INTO "values_mapping" VALUES ('http://google.com','key100','value100',13266954476192362);
INSERT INTO "values_mapping" VALUES ('http://google.com','key101','value101',13266954476192362);
INSERT INTO "values_mapping" VALUES ('http://google.com','key102','value102',13266954476192362);
INSERT INTO "values_mapping" VALUES ('http://google.com','key103','value103',13266954476192362);
INSERT INTO "values_mapping" VALUES ('http://google.com','key104','value104',13266954476192362);
INSERT INTO "values_mapping" VALUES ('http://google.com','key105','value105',13266954476192362);
INSERT INTO "values_mapping" VALUES ('http://google.com','key106','value106',13266954476192362);
INSERT INTO "values_mapping" VALUES ('http://google.com','key107','value107',13266954476192362);
INSERT INTO "values_mapping" VALUES ('http://google.com','key108','value108',13266954476192362);
INSERT INTO "values_mapping" VALUES ('http://google.com','key109','value109',13266954476192362);
INSERT INTO "values_mapping" VALUES ('http://google.com','key110','value110',13266954476192362);
INSERT INTO "values_mapping" VALUES ('http://google.com','key111','value111',13266954476192362);
INSERT INTO "values_mapping" VALUES ('http://google.com','key112','value112',13266954476192362);
INSERT INTO "values_mapping" VALUES ('http://google.com','key113','value113',13266954476192362);
INSERT INTO "values_mapping" VALUES ('http://google.com','key114','value114',13266954476192362);
INSERT INTO "values_mapping" VALUES ('http://google.com','key115','value115',13266954476192362);
INSERT INTO "values_mapping" VALUES ('http://google.com','key116','value116',13266954476192362);
INSERT INTO "values_mapping" VALUES ('http://google.com','key117','value117',13266954476192362);
INSERT INTO "values_mapping" VALUES ('http://google.com','key118','value118',13266954476192362);
INSERT INTO "values_mapping" VALUES ('http://google.com','key119','value119',13266954476192362);
INSERT INTO "values_mapping" VALUES ('http://google.com','key120','value120',13266954476192362);
INSERT INTO "values_mapping" VALUES ('http://google.com','key121','value121',13266954476192362);
INSERT INTO "values_mapping" VALUES ('http://google.com','key122','value122',13266954476192362);
INSERT INTO "values_mapping" VALUES ('http://google.com','key123','value123',13266954476192362);
INSERT INTO "values_mapping" VALUES ('http://google.com','key124','value124',13266954476192362);
INSERT INTO "values_mapping" VALUES ('http://google.com','key125','value125',13266954476192362);
INSERT INTO "values_mapping" VALUES ('http://google.com','key126','value126',13266954476192362);
INSERT INTO "values_mapping" VALUES ('http://google.com','key127','value127',13266954476192362);
INSERT INTO "values_mapping" VALUES ('http://google.com','key128','value128',13266954476192362);
INSERT INTO "values_mapping" VALUES ('http://google.com','key129','value129',13266954476192362);
INSERT INTO "values_mapping" VALUES ('http://google.com','key130','value130',13266954476192362);
INSERT INTO "values_mapping" VALUES ('http://google.com','key131','value131',13266954476192362);
INSERT INTO "values_mapping" VALUES ('http://google.com','key132','value132',13266954476192362);
INSERT INTO "values_mapping" VALUES ('http://google.com','key133','value133',13266954476192362);
INSERT INTO "values_mapping" VALUES ('http://google.com','key134','value134',13266954476192362);
INSERT INTO "values_mapping" VALUES ('http://google.com','key135','value135',13266954476192362);
INSERT INTO "values_mapping" VALUES ('http://google.com','key136','value136',13266954476192362);
INSERT INTO "values_mapping" VALUES ('http://google.com','key137','value137',13266954476192362);
INSERT INTO "values_mapping" VALUES ('http://google.com','key138','value138',13266954476192362);
INSERT INTO "values_mapping" VALUES ('http://google.com','key139','value139',13266954476192362);
INSERT INTO "values_mapping" VALUES ('http://google.com','key140','value140',13266954476192362);
INSERT INTO "values_mapping" VALUES ('http://google.com','key141','value141',13266954476192362);
INSERT INTO "values_mapping" VALUES ('http://google.com','key142','value142',13266954476192362);
INSERT INTO "values_mapping" VALUES ('http://google.com','key143','value143',13266954476192362);
INSERT INTO "values_mapping" VALUES ('http://google.com','key144','value144',13266954476192362);
INSERT INTO "values_mapping" VALUES ('http://google.com','key145','value145',13266954476192362);
INSERT INTO "values_mapping" VALUES ('http://google.com','key146','value146',13266954476192362);
INSERT INTO "values_mapping" VALUES ('http://google.com','key147','value147',13266954476192362);
INSERT INTO "values_mapping" VALUES ('http://google.com','key148','value148',13266954476192362);
INSERT INTO "values_mapping" VALUES ('http://google.com','key149','value149',13266954476192362);
INSERT INTO "values_mapping" VALUES ('http://google.com','key150','value150',13266954476192362);
INSERT INTO "values_mapping" VALUES ('http://google.com','key151','value151',13266954476192362);
INSERT INTO "values_mapping" VALUES ('http://google.com','key152','value152',13266954476192362);
INSERT INTO "values_mapping" VALUES ('http://google.com','key153','value153',13266954476192362);
INSERT INTO "values_mapping" VALUES ('http://google.com','key154','value154',13266954476192362);
INSERT INTO "values_mapping" VALUES ('http://google.com','key155','value155',13266954476192362);
INSERT INTO "values_mapping" VALUES ('http://google.com','key156','value156',13266954476192362);
INSERT INTO "values_mapping" VALUES ('http://google.com','key157','value157',13266954476192362);
INSERT INTO "values_mapping" VALUES ('http://google.com','key158','value158',13266954476192362);
INSERT INTO "values_mapping" VALUES ('http://google.com','key159','value159',13266954476192362);
INSERT INTO "values_mapping" VALUES ('http://google.com','key160','value160',13266954476192362);
INSERT INTO "values_mapping" VALUES ('http://google.com','key161','value161',13266954476192362);
INSERT INTO "values_mapping" VALUES ('http://google.com','key162','value162',13266954476192362);
INSERT INTO "values_mapping" VALUES ('http://google.com','key163','value163',13266954476192362);
INSERT INTO "values_mapping" VALUES ('http://google.com','key164','value164',13266954476192362);
INSERT INTO "values_mapping" VALUES ('http://google.com','key165','value165',13266954476192362);
INSERT INTO "values_mapping" VALUES ('http://google.com','key166','value166',13266954476192362);
INSERT INTO "values_mapping" VALUES ('http://google.com','key167','value167',13266954476192362);
INSERT INTO "values_mapping" VALUES ('http://google.com','key168','value168',13266954476192362);
INSERT INTO "values_mapping" VALUES ('http://google.com','key169','value169',13266954476192362);
INSERT INTO "values_mapping" VALUES ('http://google.com','key170','value170',13266954476192362);
INSERT INTO "values_mapping" VALUES ('http://google.com','key171','value171',13266954476192362);
INSERT INTO "values_mapping" VALUES ('http://google.com','key172','value172',13266954476192362);
INSERT INTO "values_mapping" VALUES ('http://google.com','key173','value173',13266954476192362);
INSERT INTO "values_mapping" VALUES ('http://google.com','key174','value174',13266954476192362);
INSERT INTO "values_mapping" VALUES ('http://google.com','key175','value175',13266954476192362);
INSERT INTO "values_mapping" VALUES ('http://google.com','key176','value176',13266954476192362);
INSERT INTO "values_mapping" VALUES ('http://google.com','key177','value177',13266954476192362);
INSERT INTO "values_mapping" VALUES ('http://google.com','key178','value178',13266954476192362);
INSERT INTO "values_mapping" VALUES ('http://google.com','key179','value179',13266954476192362);
INSERT INTO "values_mapping" VALUES ('http://google.com','key180','value180',13266954476192362);
INSERT INTO "values_mapping" VALUES ('http://google.com','key181','value181',13266954476192362);
INSERT INTO "values_mapping" VALUES ('http://google.com','key182','value182',13266954476192362);
INSERT INTO "values_mapping" VALUES ('http://google.com','key183','value183',13266954476192362);
INSERT INTO "values_mapping" VALUES ('http://google.com','key184','value184',13266954476192362);
INSERT INTO "values_mapping" VALUES ('http://google.com','key185','value185',13266954476192362);
INSERT INTO "values_mapping" VALUES ('http://google.com','key186','value186',13266954476192362);
INSERT INTO "values_mapping" VALUES ('http://google.com','key187','value187',13266954476192362);
INSERT INTO "values_mapping" VALUES ('http://google.com','key188','value188',13266954476192362);
INSERT INTO "values_mapping" VALUES ('http://google.com','key189','value189',13266954476192362);
INSERT INTO "values_mapping" VALUES ('http://google.com','key190','value190',13266954476192362);
INSERT INTO "values_mapping" VALUES ('http://google.com','key191','value191',13266954476192362);
INSERT INTO "values_mapping" VALUES ('http://google.com','key192','value192',13266954476192362);
INSERT INTO "values_mapping" VALUES ('http://google.com','key193','value193',13266954476192362);
INSERT INTO "values_mapping" VALUES ('http://google.com','key194','value194',13266954476192362);
INSERT INTO "values_mapping" VALUES ('http://google.com','key195','value195',13266954476192362);
INSERT INTO "values_mapping" VALUES ('http://google.com','key196','value196',13266954476192362);
INSERT INTO "values_mapping" VALUES ('http://google.com','key197','value197',13266954476192362);
INSERT INTO "values_mapping" VALUES ('http://google.com','key198','value198',13266954476192362);
INSERT INTO "values_mapping" VALUES ('http://google.com','key199','value199',13266954476192362);
INSERT INTO "values_mapping" VALUES ('http://google.com','key200','value200',13266954476192362);
INSERT INTO "values_mapping" VALUES ('http://google.com','key201','value201',13266954476192362);
INSERT INTO "values_mapping" VALUES ('http://chromium.org','A','valueA',13268941676192362);
INSERT INTO "values_mapping" VALUES ('http://chromium.org','B','valueB',13268941676192362);
INSERT INTO "values_mapping" VALUES ('http://chromium.org','C','valueC',13268941676192362);
INSERT INTO "values_mapping" VALUES ('http://chromium.org','D','valueD',13268941676192362);
INSERT INTO "values_mapping" VALUES ('http://chromium.org','E','valueE',13268941676192362);
INSERT INTO "values_mapping" VALUES ('http://chromium.org','F','valueF',13268941676192362);
INSERT INTO "values_mapping" VALUES ('http://chromium.org','G','valueG',13268941676192362);
INSERT INTO "values_mapping" VALUES ('http://chromium.org','H','valueH',13268941676192362);
INSERT INTO "values_mapping" VALUES ('http://chromium.org','I','valueI',13268941676192362);
INSERT INTO "values_mapping" VALUES ('http://chromium.org','J','valueJ',13268941676192362);
INSERT INTO "values_mapping" VALUES ('http://chromium.org','K','valueK',13268941676192362);
INSERT INTO "values_mapping" VALUES ('http://chromium.org','L','valueL',13268941676192362);
INSERT INTO "values_mapping" VALUES ('http://chromium.org','M','valueM',13268941676192362);
INSERT INTO "values_mapping" VALUES ('http://chromium.org','N','valueN',13268941676192362);
INSERT INTO "values_mapping" VALUES ('http://chromium.org','O','valueO',13268941676192362);
INSERT INTO "values_mapping" VALUES ('http://chromium.org','P','valueP',13268941676192362);
INSERT INTO "values_mapping" VALUES ('http://chromium.org','Q','valueQ',13268941676192362);
INSERT INTO "values_mapping" VALUES ('http://chromium.org','R','valueR',13268941676192362);
INSERT INTO "values_mapping" VALUES ('http://chromium.org','S','valueS',13268941676192362);
INSERT INTO "values_mapping" VALUES ('http://chromium.org','T','valueT',13268941676192362);
INSERT INTO "values_mapping" VALUES ('http://chromium.org','U','valueU',13268941676192362);
INSERT INTO "values_mapping" VALUES ('http://chromium.org','V','valueV',13268941676192362);
INSERT INTO "values_mapping" VALUES ('http://chromium.org','W','valueW',13268941676192362);
INSERT INTO "values_mapping" VALUES ('http://chromium.org','X','valueX',13268941676192362);
INSERT INTO "values_mapping" VALUES ('http://chromium.org','Y','valueY',13268941676192362);
INSERT INTO "values_mapping" VALUES ('http://chromium.org','Z','valueZ',13268941676192362);
CREATE TABLE per_origin_mapping(context_origin TEXT NOT NULL PRIMARY KEY,creation_time INTEGER NOT NULL,length INTEGER NOT NULL) WITHOUT ROWID;
INSERT INTO "per_origin_mapping" VALUES ('http://google.com',13266954476192362,201);
INSERT INTO "per_origin_mapping" VALUES ('http://chromium.org',13268941676192362,26);
CREATE TABLE budget_mapping(id INTEGER NOT NULL PRIMARY KEY,context_origin TEXT NOT NULL,time_stamp INTEGER NOT NULL,bits_debit REAL NOT NULL);
CREATE INDEX budget_mapping_origin_time_stamp_idx ON budget_mapping(context_origin,time_stamp);
CREATE INDEX values_mapping_last_used_time_idx ON values_mapping(last_used_time);
CREATE INDEX per_origin_mapping_creation_time_idx ON per_origin_mapping(creation_time);
COMMIT;
