PRAGMA foreign_keys=OFF;
BEGIN TRANSACTION;
CREATE TABLE meta(key LONGVARCHAR NOT NULL UNIQUE PRIMARY KEY, value LONGVARCHAR);
INSERT INTO meta VALUES('mmap_status','-1');
INSERT INTO meta VALUES('last_compatible_version','4');
INSERT INTO meta VALUES('version','6');
CREATE TABLE values_mapping(context_origin TEXT NOT NULL,key BLOB NOT NULL,value BLOB NOT NULL,last_used_time INTEGER NOT NULL,PRIMARY KEY(context_origin,key)) WITHOUT ROWID;
INSERT INTO "values_mapping" VALUES ('http://google.com',X'6b00650079003100',X'760061006c00750065003100',13312097333991364);
INSERT INTO "values_mapping" VALUES ('http://google.com',X'6b00650079003200',X'760061006c00750065003200',13313037427966159);
INSERT INTO "values_mapping" VALUES ('http://youtube.com',X'7600690073006900740065006400',X'3100310031003100310031003100',13313037435619704);
INSERT INTO "values_mapping" VALUES ('http://chromium.org',X'6100',X'',13313037416916308);
INSERT INTO "values_mapping" VALUES ('http://chromium.org',X'6200',X'680065006c006c006f00',13312097333991364);
INSERT INTO "values_mapping" VALUES ('http://chromium.org',X'6300',X'67006f006f006400620079006500',13312353831182651);
INSERT INTO "values_mapping" VALUES ('http://gv.com',X'63006f006f006b0069006500',X'31003300320036003800390034003100370039003300380035003600370033003300',13313037487092131);
INSERT INTO "values_mapping" VALUES ('http://abc.xyz',X'7300650065006400',X'330038003700350036003200300039003400',13269481776356965);
INSERT INTO "values_mapping" VALUES ('http://abc.xyz',X'6200750063006b0065007400',X'3100320037003600',13269481776356965);
INSERT INTO "values_mapping" VALUES ('http://withgoogle.com',X'63006f0075006e007400',X'330038003900',13269545986263676);
INSERT INTO "values_mapping" VALUES ('http://waymo.com',X'6b0065007900',X'760061006c0075006500',13269546064355176);
INSERT INTO "values_mapping" VALUES ('http://google.org',X'3100',X'6600660066006600660066006600660066006600660066006600660066006600660066006600660066006600660066006600660066006600660066006600660066006600660066006600660066006600660066006600660066006600660066006600660066006600660066006600660066006600660066006600660066006600660066006600660066006600660066006600660066006600660066006600660066006600660066006600660066006600660066006600660066006600660066006600660066006600660066006600660066006600660066006600660066006600660066006600660066006600660066006600660066006600660066006600660066006600660066006600660066006600660066006600660066006600660066006600660066006600660066006600660066006600660066006600660066006600660066006600660066006600660066006600660066006600660066006600660066006600660066006600660066006600660066006600660066006600660066006600660066006600660066006600660066006600660066006600660066006600660066006600660066006600660066006600660066006600660066006600660066006600660066006600660066006600660066006600660066006600660066006600660066006600660066006600660066006600660066006600660066006600660066006600660066006600660066006600660066006600660066006600660066006600660066006600660066006600660066006600660066006600660066006600660066006600660066006600660066006600660066006600660066006600660066006600660066006600660066006600660066006600660066006600660066006600660066006600660066006600660066006600660066006600660066006600660066006600660066006600660066006600660066006600660066006600660066006600660066006600660066006600660066006600660066006600660066006600660066006600660066006600660066006600660066006600660066006600660066006600660066006600660066006600660066006600660066006600660066006600660066006600660066006600660066006600660066006600660066006600660066006600660066006600660066006600660066006600660066006600660066006600660066006600660066006600660066006600660066006600660066006600660066006600660066006600660066006600660066006600660066006600660066006600660066006600660066006600660066006600660066006600660066006600660066006600660066006600660066006600660066006600660066006600660066006600660066006600660066006600660066006600660066006600660066006600660066006600660066006600660066006600660066006600660066006600660066006600660066006600660066006600660066006600660066006600660066006600660066006600660066006600660066006600660066006600660066006600660066006600660066006600660066006600660066006600660066006600660066006600660066006600660066006600660066006600660066006600660066006600660066006600660066006600660066006600660066006600660066006600660066006600660066006600660066006600660066006600660066006600660066006600660066006600660066006600660066006600660066006600660066006600660066006600660066006600660066006600660066006600660066006600660066006600660066006600660066006600660066006600660066006600660066006600660066006600660066006600660066006600660066006600660066006600660066006600660066006600660066006600660066006600660066006600660066006600660066006600660066006600660066006600660066006600660066006600660066006600660066006600660066006600660066006600660066006600660066006600660066006600660066006600660066006600660066006600660066006600660066006600660066006600660066006600660066006600660066006600660066006600660066006600660066006600660066006600660066006600660066006600660066006600660066006600660066006600660066006600660066006600660066006600660066006600660066006600660066006600660066006600660066006600660066006600660066006600660066006600660066006600660066006600660066006600660066006600660066006600660066006600660066006600660066006600660066006600660066006600660066006600660066006600660066006600660066006600660066006600660066006600660066006600660066006600660066006600660066006600660066006600660066006600660066006600660066006600660066006600660066006600660066006600660066006600660066006600660066006600660066006600660066006600660066006600660066006600660066006600660066006600660066006600660066006600660066006600660066006600660066006600660066006600660066006600660066006600660066006600660066006600660066006600660066006600660066006600660066006600660066006600660066006600660066006600660066006600660066006600660066006600660066006600660066006600660066006600660066006600660066006600660066006600660066006600',13269546476192362);
INSERT INTO "values_mapping" VALUES ('http://google.org',X'3200',X'3b00',13269546476192362);
INSERT INTO "values_mapping" VALUES ('http://google.org',X'2300',X'5b005d00',13269546476192362);
INSERT INTO "values_mapping" VALUES ('http://google.org',X'6600660066006600660066006600660066006600660066006600660066006600660066006600660066006600660066006600660066006600660066006600660066006600660066006600660066006600660066006600660066006600660066006600660066006600660066006600660066006600660066006600660066006600660066006600660066006600660066006600660066006600660066006600660066006600660066006600660066006600660066006600660066006600660066006600660066006600660066006600660066006600660066006600660066006600660066006600660066006600660066006600660066006600660066006600660066006600660066006600660066006600660066006600660066006600660066006600660066006600660066006600660066006600660066006600660066006600660066006600660066006600660066006600660066006600660066006600660066006600660066006600660066006600660066006600660066006600660066006600660066006600660066006600660066006600660066006600660066006600660066006600660066006600660066006600660066006600660066006600660066006600660066006600660066006600660066006600660066006600660066006600660066006600660066006600660066006600660066006600660066006600660066006600660066006600660066006600660066006600660066006600660066006600660066006600660066006600660066006600660066006600660066006600660066006600660066006600660066006600660066006600660066006600660066006600660066006600660066006600660066006600660066006600660066006600660066006600660066006600660066006600660066006600660066006600660066006600660066006600660066006600660066006600660066006600660066006600660066006600660066006600660066006600660066006600660066006600660066006600660066006600660066006600660066006600660066006600660066006600660066006600660066006600660066006600660066006600660066006600660066006600660066006600660066006600660066006600660066006600660066006600660066006600660066006600660066006600660066006600660066006600660066006600660066006600660066006600660066006600660066006600660066006600660066006600660066006600660066006600660066006600660066006600660066006600660066006600660066006600660066006600660066006600660066006600660066006600660066006600660066006600660066006600660066006600660066006600660066006600660066006600660066006600660066006600660066006600660066006600660066006600660066006600660066006600660066006600660066006600660066006600660066006600660066006600660066006600660066006600660066006600660066006600660066006600660066006600660066006600660066006600660066006600660066006600660066006600660066006600660066006600660066006600660066006600660066006600660066006600660066006600660066006600660066006600660066006600660066006600660066006600660066006600660066006600660066006600660066006600660066006600660066006600660066006600660066006600660066006600660066006600660066006600660066006600660066006600660066006600660066006600660066006600660066006600660066006600660066006600660066006600660066006600660066006600660066006600660066006600660066006600660066006600660066006600660066006600660066006600660066006600660066006600660066006600660066006600660066006600660066006600660066006600660066006600660066006600660066006600660066006600660066006600660066006600660066006600660066006600660066006600660066006600660066006600660066006600660066006600660066006600660066006600660066006600660066006600660066006600660066006600660066006600660066006600660066006600660066006600660066006600660066006600660066006600660066006600660066006600660066006600660066006600660066006600660066006600660066006600660066006600660066006600660066006600660066006600660066006600660066006600660066006600660066006600660066006600660066006600660066006600660066006600660066006600660066006600660066006600660066006600660066006600660066006600660066006600660066006600660066006600660066006600660066006600660066006600660066006600660066006600660066006600660066006600660066006600660066006600660066006600660066006600660066006600660066006600660066006600660066006600660066006600660066006600660066006600660066006600660066006600660066006600660066006600660066006600660066006600660066006600660066006600660066006600660066006600660066006600660066006600660066006600660066006600660066006600660066006600660066006600660066006600660066006600660066006600660066006600660066006600660066006600660066006600660066006600660066006600660066006600660066006600',X'6b00',13269546476192362);
INSERT INTO "values_mapping" VALUES ('http://growwithgoogle.com',X'5f00',X'64006f0077006e00',13269546593856733);
INSERT INTO "values_mapping" VALUES ('http://growwithgoogle.com',X'3c00',X'6c00650066007400',13269546593856733);
INSERT INTO "values_mapping" VALUES ('http://growwithgoogle.com',X'3e00',X'72006900670068007400',13269546593856733);
CREATE TABLE budget_mapping(id INTEGER NOT NULL PRIMARY KEY,context_site TEXT NOT NULL,time_stamp INTEGER NOT NULL,bits_debit REAL NOT NULL);
INSERT INTO "budget_mapping" VALUES (1,'http://google.com',13266954476192332,1.0);
INSERT INTO "budget_mapping" VALUES (2,'http://google.com',13266954476192344,2.0);
INSERT INTO "budget_mapping" VALUES (3,'http://google.com',13266954476192362,1.1);
INSERT INTO "budget_mapping" VALUES (4,'http://youtube.com',13266954593856693,1.3);
INSERT INTO "budget_mapping" VALUES (5,'http://chromium.org',13268941676192362,1.5);
INSERT INTO "budget_mapping" VALUES (6,'http://youtube.com',13266954593856733,2.3);
INSERT INTO "budget_mapping" VALUES (7,'http://gv.com',13268941793856733,3.7);
INSERT INTO "budget_mapping" VALUES (8,'http://abc.xyz',13269481776356845,2.2);
INSERT INTO "budget_mapping" VALUES (9,'http://withgoogle.com',13269545986263676,1);
INSERT INTO "budget_mapping" VALUES (10,'http://abc.xyz',13269481776356905,1.1);
INSERT INTO "budget_mapping" VALUES (11,'http://waymo.com',13269546064355176,4.2);
INSERT INTO "budget_mapping" VALUES (12,'http://abc.xyz',13269481776356965,2.0);
INSERT INTO "budget_mapping" VALUES (13,'http://google.org',13269546476192362,4);
INSERT INTO "budget_mapping" VALUES (14,'http://growwithgoogle.com',13269546593856733,1.2);
CREATE TABLE IF NOT EXISTS "per_origin_mapping"(context_origin TEXT NOT NULL PRIMARY KEY,creation_time INTEGER NOT NULL,num_bytes INTEGER NOT NULL) WITHOUT ROWID;
INSERT INTO "per_origin_mapping" VALUES ('http://google.com',13266954476192362,40);
INSERT INTO "per_origin_mapping" VALUES ('http://youtube.com',13266954593856733,28);
INSERT INTO "per_origin_mapping" VALUES ('http://chromium.org',13268941676192362,30);
INSERT INTO "per_origin_mapping" VALUES ('http://gv.com',13268941793856733,46);
INSERT INTO "per_origin_mapping" VALUES ('http://abc.xyz',13269481776356965,46);
INSERT INTO "per_origin_mapping" VALUES ('http://withgoogle.com',13269545986263676,16);
INSERT INTO "per_origin_mapping" VALUES ('http://waymo.com',13269546064355176,16);
INSERT INTO "per_origin_mapping" VALUES ('http://google.org',13269546476192362,4110);
INSERT INTO "per_origin_mapping" VALUES ('http://growwithgoogle.com',13269546593856733,32);
CREATE INDEX budget_mapping_site_time_stamp_idx ON budget_mapping(context_site,time_stamp);
CREATE INDEX values_mapping_last_used_time_idx ON values_mapping(last_used_time);
CREATE INDEX per_origin_mapping_creation_time_idx ON per_origin_mapping(creation_time);
COMMIT;
