-- components_unittests --gtest_filter=SharedStorageDatabaseIteratorTest
--
-- .dump of a version 3 Shared Storage database.
PRAGMA foreign_keys=OFF;
BEGIN TRANSACTION;
CREATE TABLE meta(key LONGVARCHAR NOT NULL UNIQUE PRIMARY KEY, value LONGVARCHAR);
INSERT INTO meta VALUES('mmap_status','-1');
INSERT INTO meta VALUES('last_compatible_version','2');
INSERT INTO meta VALUES('version','3');
CREATE TABLE IF NOT EXISTS "values_mapping"(context_origin TEXT NOT NULL,key BLOB NOT NULL,value BLOB NOT NULL,last_used_time INTEGER NOT NULL,PRIMARY KEY(context_origin,key)) WITHOUT ROWID;
INSERT INTO "values_mapping" VALUES ('http://google.com',X'6b00650079003100',X'760061006c00750065003100',13266954476192362);
INSERT INTO "values_mapping" VALUES ('http://google.com',X'6b00650079003200',X'760061006c00750065003200',13266954476192362);
INSERT INTO "values_mapping" VALUES ('http://google.com',X'6b00650079003300',X'760061006c00750065003300',13266954476192362);
INSERT INTO "values_mapping" VALUES ('http://google.com',X'6b00650079003400',X'760061006c00750065003400',13266954476192362);
INSERT INTO "values_mapping" VALUES ('http://google.com',X'6b00650079003500',X'760061006c00750065003500',13266954476192362);
INSERT INTO "values_mapping" VALUES ('http://google.com',X'6b00650079003600',X'760061006c00750065003600',13266954476192362);
INSERT INTO "values_mapping" VALUES ('http://google.com',X'6b00650079003700',X'760061006c00750065003700',13266954476192362);
INSERT INTO "values_mapping" VALUES ('http://google.com',X'6b00650079003800',X'760061006c00750065003800',13266954476192362);
INSERT INTO "values_mapping" VALUES ('http://google.com',X'6b00650079003900',X'760061006c00750065003900',13266954476192362);
INSERT INTO "values_mapping" VALUES ('http://google.com',X'6b006500790031003000',X'760061006c007500650031003000',13266954476192362);
INSERT INTO "values_mapping" VALUES ('http://google.com',X'6b006500790031003100',X'760061006c007500650031003100',13266954476192362);
INSERT INTO "values_mapping" VALUES ('http://google.com',X'6b006500790031003200',X'760061006c007500650031003200',13266954476192362);
INSERT INTO "values_mapping" VALUES ('http://google.com',X'6b006500790031003300',X'760061006c007500650031003300',13266954476192362);
INSERT INTO "values_mapping" VALUES ('http://google.com',X'6b006500790031003400',X'760061006c007500650031003400',13266954476192362);
INSERT INTO "values_mapping" VALUES ('http://google.com',X'6b006500790031003500',X'760061006c007500650031003500',13266954476192362);
INSERT INTO "values_mapping" VALUES ('http://google.com',X'6b006500790031003600',X'760061006c007500650031003600',13266954476192362);
INSERT INTO "values_mapping" VALUES ('http://google.com',X'6b006500790031003700',X'760061006c007500650031003700',13266954476192362);
INSERT INTO "values_mapping" VALUES ('http://google.com',X'6b006500790031003800',X'760061006c007500650031003800',13266954476192362);
INSERT INTO "values_mapping" VALUES ('http://google.com',X'6b006500790031003900',X'760061006c007500650031003900',13266954476192362);
INSERT INTO "values_mapping" VALUES ('http://google.com',X'6b006500790032003000',X'760061006c007500650032003000',13266954476192362);
INSERT INTO "values_mapping" VALUES ('http://google.com',X'6b006500790032003100',X'760061006c007500650032003100',13266954476192362);
INSERT INTO "values_mapping" VALUES ('http://google.com',X'6b006500790032003200',X'760061006c007500650032003200',13266954476192362);
INSERT INTO "values_mapping" VALUES ('http://google.com',X'6b006500790032003300',X'760061006c007500650032003300',13266954476192362);
INSERT INTO "values_mapping" VALUES ('http://google.com',X'6b006500790032003400',X'760061006c007500650032003400',13266954476192362);
INSERT INTO "values_mapping" VALUES ('http://google.com',X'6b006500790032003500',X'760061006c007500650032003500',13266954476192362);
INSERT INTO "values_mapping" VALUES ('http://google.com',X'6b006500790032003600',X'760061006c007500650032003600',13266954476192362);
INSERT INTO "values_mapping" VALUES ('http://google.com',X'6b006500790032003700',X'760061006c007500650032003700',13266954476192362);
INSERT INTO "values_mapping" VALUES ('http://google.com',X'6b006500790032003800',X'760061006c007500650032003800',13266954476192362);
INSERT INTO "values_mapping" VALUES ('http://google.com',X'6b006500790032003900',X'760061006c007500650032003900',13266954476192362);
INSERT INTO "values_mapping" VALUES ('http://google.com',X'6b006500790033003000',X'760061006c007500650033003000',13266954476192362);
INSERT INTO "values_mapping" VALUES ('http://google.com',X'6b006500790033003100',X'760061006c007500650033003100',13266954476192362);
INSERT INTO "values_mapping" VALUES ('http://google.com',X'6b006500790033003200',X'760061006c007500650033003200',13266954476192362);
INSERT INTO "values_mapping" VALUES ('http://google.com',X'6b006500790033003300',X'760061006c007500650033003300',13266954476192362);
INSERT INTO "values_mapping" VALUES ('http://google.com',X'6b006500790033003400',X'760061006c007500650033003400',13266954476192362);
INSERT INTO "values_mapping" VALUES ('http://google.com',X'6b006500790033003500',X'760061006c007500650033003500',13266954476192362);
INSERT INTO "values_mapping" VALUES ('http://google.com',X'6b006500790033003600',X'760061006c007500650033003600',13266954476192362);
INSERT INTO "values_mapping" VALUES ('http://google.com',X'6b006500790033003700',X'760061006c007500650033003700',13266954476192362);
INSERT INTO "values_mapping" VALUES ('http://google.com',X'6b006500790033003800',X'760061006c007500650033003800',13266954476192362);
INSERT INTO "values_mapping" VALUES ('http://google.com',X'6b006500790033003900',X'760061006c007500650033003900',13266954476192362);
INSERT INTO "values_mapping" VALUES ('http://google.com',X'6b006500790034003000',X'760061006c007500650034003000',13266954476192362);
INSERT INTO "values_mapping" VALUES ('http://google.com',X'6b006500790034003100',X'760061006c007500650034003100',13266954476192362);
INSERT INTO "values_mapping" VALUES ('http://google.com',X'6b006500790034003200',X'760061006c007500650034003200',13266954476192362);
INSERT INTO "values_mapping" VALUES ('http://google.com',X'6b006500790034003300',X'760061006c007500650034003300',13266954476192362);
INSERT INTO "values_mapping" VALUES ('http://google.com',X'6b006500790034003400',X'760061006c007500650034003400',13266954476192362);
INSERT INTO "values_mapping" VALUES ('http://google.com',X'6b006500790034003500',X'760061006c007500650034003500',13266954476192362);
INSERT INTO "values_mapping" VALUES ('http://google.com',X'6b006500790034003600',X'760061006c007500650034003600',13266954476192362);
INSERT INTO "values_mapping" VALUES ('http://google.com',X'6b006500790034003700',X'760061006c007500650034003700',13266954476192362);
INSERT INTO "values_mapping" VALUES ('http://google.com',X'6b006500790034003800',X'760061006c007500650034003800',13266954476192362);
INSERT INTO "values_mapping" VALUES ('http://google.com',X'6b006500790034003900',X'760061006c007500650034003900',13266954476192362);
INSERT INTO "values_mapping" VALUES ('http://google.com',X'6b006500790035003000',X'760061006c007500650035003000',13266954476192362);
INSERT INTO "values_mapping" VALUES ('http://google.com',X'6b006500790035003100',X'760061006c007500650035003100',13266954476192362);
INSERT INTO "values_mapping" VALUES ('http://google.com',X'6b006500790035003200',X'760061006c007500650035003200',13266954476192362);
INSERT INTO "values_mapping" VALUES ('http://google.com',X'6b006500790035003300',X'760061006c007500650035003300',13266954476192362);
INSERT INTO "values_mapping" VALUES ('http://google.com',X'6b006500790035003400',X'760061006c007500650035003400',13266954476192362);
INSERT INTO "values_mapping" VALUES ('http://google.com',X'6b006500790035003500',X'760061006c007500650035003500',13266954476192362);
INSERT INTO "values_mapping" VALUES ('http://google.com',X'6b006500790035003600',X'760061006c007500650035003600',13266954476192362);
INSERT INTO "values_mapping" VALUES ('http://google.com',X'6b006500790035003700',X'760061006c007500650035003700',13266954476192362);
INSERT INTO "values_mapping" VALUES ('http://google.com',X'6b006500790035003800',X'760061006c007500650035003800',13266954476192362);
INSERT INTO "values_mapping" VALUES ('http://google.com',X'6b006500790035003900',X'760061006c007500650035003900',13266954476192362);
INSERT INTO "values_mapping" VALUES ('http://google.com',X'6b006500790036003000',X'760061006c007500650036003000',13266954476192362);
INSERT INTO "values_mapping" VALUES ('http://google.com',X'6b006500790036003100',X'760061006c007500650036003100',13266954476192362);
INSERT INTO "values_mapping" VALUES ('http://google.com',X'6b006500790036003200',X'760061006c007500650036003200',13266954476192362);
INSERT INTO "values_mapping" VALUES ('http://google.com',X'6b006500790036003300',X'760061006c007500650036003300',13266954476192362);
INSERT INTO "values_mapping" VALUES ('http://google.com',X'6b006500790036003400',X'760061006c007500650036003400',13266954476192362);
INSERT INTO "values_mapping" VALUES ('http://google.com',X'6b006500790036003500',X'760061006c007500650036003500',13266954476192362);
INSERT INTO "values_mapping" VALUES ('http://google.com',X'6b006500790036003600',X'760061006c007500650036003600',13266954476192362);
INSERT INTO "values_mapping" VALUES ('http://google.com',X'6b006500790036003700',X'760061006c007500650036003700',13266954476192362);
INSERT INTO "values_mapping" VALUES ('http://google.com',X'6b006500790036003800',X'760061006c007500650036003800',13266954476192362);
INSERT INTO "values_mapping" VALUES ('http://google.com',X'6b006500790036003900',X'760061006c007500650036003900',13266954476192362);
INSERT INTO "values_mapping" VALUES ('http://google.com',X'6b006500790037003000',X'760061006c007500650037003000',13266954476192362);
INSERT INTO "values_mapping" VALUES ('http://google.com',X'6b006500790037003100',X'760061006c007500650037003100',13266954476192362);
INSERT INTO "values_mapping" VALUES ('http://google.com',X'6b006500790037003200',X'760061006c007500650037003200',13266954476192362);
INSERT INTO "values_mapping" VALUES ('http://google.com',X'6b006500790037003300',X'760061006c007500650037003300',13266954476192362);
INSERT INTO "values_mapping" VALUES ('http://google.com',X'6b006500790037003400',X'760061006c007500650037003400',13266954476192362);
INSERT INTO "values_mapping" VALUES ('http://google.com',X'6b006500790037003500',X'760061006c007500650037003500',13266954476192362);
INSERT INTO "values_mapping" VALUES ('http://google.com',X'6b006500790037003600',X'760061006c007500650037003600',13266954476192362);
INSERT INTO "values_mapping" VALUES ('http://google.com',X'6b006500790037003700',X'760061006c007500650037003700',13266954476192362);
INSERT INTO "values_mapping" VALUES ('http://google.com',X'6b006500790037003800',X'760061006c007500650037003800',13266954476192362);
INSERT INTO "values_mapping" VALUES ('http://google.com',X'6b006500790037003900',X'760061006c007500650037003900',13266954476192362);
INSERT INTO "values_mapping" VALUES ('http://google.com',X'6b006500790038003000',X'760061006c007500650038003000',13266954476192362);
INSERT INTO "values_mapping" VALUES ('http://google.com',X'6b006500790038003100',X'760061006c007500650038003100',13266954476192362);
INSERT INTO "values_mapping" VALUES ('http://google.com',X'6b006500790038003200',X'760061006c007500650038003200',13266954476192362);
INSERT INTO "values_mapping" VALUES ('http://google.com',X'6b006500790038003300',X'760061006c007500650038003300',13266954476192362);
INSERT INTO "values_mapping" VALUES ('http://google.com',X'6b006500790038003400',X'760061006c007500650038003400',13266954476192362);
INSERT INTO "values_mapping" VALUES ('http://google.com',X'6b006500790038003500',X'760061006c007500650038003500',13266954476192362);
INSERT INTO "values_mapping" VALUES ('http://google.com',X'6b006500790038003600',X'760061006c007500650038003600',13266954476192362);
INSERT INTO "values_mapping" VALUES ('http://google.com',X'6b006500790038003700',X'760061006c007500650038003700',13266954476192362);
INSERT INTO "values_mapping" VALUES ('http://google.com',X'6b006500790038003800',X'760061006c007500650038003800',13266954476192362);
INSERT INTO "values_mapping" VALUES ('http://google.com',X'6b006500790038003900',X'760061006c007500650038003900',13266954476192362);
INSERT INTO "values_mapping" VALUES ('http://google.com',X'6b006500790039003000',X'760061006c007500650039003000',13266954476192362);
INSERT INTO "values_mapping" VALUES ('http://google.com',X'6b006500790039003100',X'760061006c007500650039003100',13266954476192362);
INSERT INTO "values_mapping" VALUES ('http://google.com',X'6b006500790039003200',X'760061006c007500650039003200',13266954476192362);
INSERT INTO "values_mapping" VALUES ('http://google.com',X'6b006500790039003300',X'760061006c007500650039003300',13266954476192362);
INSERT INTO "values_mapping" VALUES ('http://google.com',X'6b006500790039003400',X'760061006c007500650039003400',13266954476192362);
INSERT INTO "values_mapping" VALUES ('http://google.com',X'6b006500790039003500',X'760061006c007500650039003500',13266954476192362);
INSERT INTO "values_mapping" VALUES ('http://google.com',X'6b006500790039003600',X'760061006c007500650039003600',13266954476192362);
INSERT INTO "values_mapping" VALUES ('http://google.com',X'6b006500790039003700',X'760061006c007500650039003700',13266954476192362);
INSERT INTO "values_mapping" VALUES ('http://google.com',X'6b006500790039003800',X'760061006c007500650039003800',13266954476192362);
INSERT INTO "values_mapping" VALUES ('http://google.com',X'6b006500790039003900',X'760061006c007500650039003900',13266954476192362);
INSERT INTO "values_mapping" VALUES ('http://google.com',X'6b0065007900310030003000',X'760061006c0075006500310030003000',13266954476192362);
INSERT INTO "values_mapping" VALUES ('http://google.com',X'6b0065007900310030003100',X'760061006c0075006500310030003100',13266954476192362);
INSERT INTO "values_mapping" VALUES ('http://google.com',X'6b0065007900310030003200',X'760061006c0075006500310030003200',13266954476192362);
INSERT INTO "values_mapping" VALUES ('http://google.com',X'6b0065007900310030003300',X'760061006c0075006500310030003300',13266954476192362);
INSERT INTO "values_mapping" VALUES ('http://google.com',X'6b0065007900310030003400',X'760061006c0075006500310030003400',13266954476192362);
INSERT INTO "values_mapping" VALUES ('http://google.com',X'6b0065007900310030003500',X'760061006c0075006500310030003500',13266954476192362);
INSERT INTO "values_mapping" VALUES ('http://google.com',X'6b0065007900310030003600',X'760061006c0075006500310030003600',13266954476192362);
INSERT INTO "values_mapping" VALUES ('http://google.com',X'6b0065007900310030003700',X'760061006c0075006500310030003700',13266954476192362);
INSERT INTO "values_mapping" VALUES ('http://google.com',X'6b0065007900310030003800',X'760061006c0075006500310030003800',13266954476192362);
INSERT INTO "values_mapping" VALUES ('http://google.com',X'6b0065007900310030003900',X'760061006c0075006500310030003900',13266954476192362);
INSERT INTO "values_mapping" VALUES ('http://google.com',X'6b0065007900310031003000',X'760061006c0075006500310031003000',13266954476192362);
INSERT INTO "values_mapping" VALUES ('http://google.com',X'6b0065007900310031003100',X'760061006c0075006500310031003100',13266954476192362);
INSERT INTO "values_mapping" VALUES ('http://google.com',X'6b0065007900310031003200',X'760061006c0075006500310031003200',13266954476192362);
INSERT INTO "values_mapping" VALUES ('http://google.com',X'6b0065007900310031003300',X'760061006c0075006500310031003300',13266954476192362);
INSERT INTO "values_mapping" VALUES ('http://google.com',X'6b0065007900310031003400',X'760061006c0075006500310031003400',13266954476192362);
INSERT INTO "values_mapping" VALUES ('http://google.com',X'6b0065007900310031003500',X'760061006c0075006500310031003500',13266954476192362);
INSERT INTO "values_mapping" VALUES ('http://google.com',X'6b0065007900310031003600',X'760061006c0075006500310031003600',13266954476192362);
INSERT INTO "values_mapping" VALUES ('http://google.com',X'6b0065007900310031003700',X'760061006c0075006500310031003700',13266954476192362);
INSERT INTO "values_mapping" VALUES ('http://google.com',X'6b0065007900310031003800',X'760061006c0075006500310031003800',13266954476192362);
INSERT INTO "values_mapping" VALUES ('http://google.com',X'6b0065007900310031003900',X'760061006c0075006500310031003900',13266954476192362);
INSERT INTO "values_mapping" VALUES ('http://google.com',X'6b0065007900310032003000',X'760061006c0075006500310032003000',13266954476192362);
INSERT INTO "values_mapping" VALUES ('http://google.com',X'6b0065007900310032003100',X'760061006c0075006500310032003100',13266954476192362);
INSERT INTO "values_mapping" VALUES ('http://google.com',X'6b0065007900310032003200',X'760061006c0075006500310032003200',13266954476192362);
INSERT INTO "values_mapping" VALUES ('http://google.com',X'6b0065007900310032003300',X'760061006c0075006500310032003300',13266954476192362);
INSERT INTO "values_mapping" VALUES ('http://google.com',X'6b0065007900310032003400',X'760061006c0075006500310032003400',13266954476192362);
INSERT INTO "values_mapping" VALUES ('http://google.com',X'6b0065007900310032003500',X'760061006c0075006500310032003500',13266954476192362);
INSERT INTO "values_mapping" VALUES ('http://google.com',X'6b0065007900310032003600',X'760061006c0075006500310032003600',13266954476192362);
INSERT INTO "values_mapping" VALUES ('http://google.com',X'6b0065007900310032003700',X'760061006c0075006500310032003700',13266954476192362);
INSERT INTO "values_mapping" VALUES ('http://google.com',X'6b0065007900310032003800',X'760061006c0075006500310032003800',13266954476192362);
INSERT INTO "values_mapping" VALUES ('http://google.com',X'6b0065007900310032003900',X'760061006c0075006500310032003900',13266954476192362);
INSERT INTO "values_mapping" VALUES ('http://google.com',X'6b0065007900310033003000',X'760061006c0075006500310033003000',13266954476192362);
INSERT INTO "values_mapping" VALUES ('http://google.com',X'6b0065007900310033003100',X'760061006c0075006500310033003100',13266954476192362);
INSERT INTO "values_mapping" VALUES ('http://google.com',X'6b0065007900310033003200',X'760061006c0075006500310033003200',13266954476192362);
INSERT INTO "values_mapping" VALUES ('http://google.com',X'6b0065007900310033003300',X'760061006c0075006500310033003300',13266954476192362);
INSERT INTO "values_mapping" VALUES ('http://google.com',X'6b0065007900310033003400',X'760061006c0075006500310033003400',13266954476192362);
INSERT INTO "values_mapping" VALUES ('http://google.com',X'6b0065007900310033003500',X'760061006c0075006500310033003500',13266954476192362);
INSERT INTO "values_mapping" VALUES ('http://google.com',X'6b0065007900310033003600',X'760061006c0075006500310033003600',13266954476192362);
INSERT INTO "values_mapping" VALUES ('http://google.com',X'6b0065007900310033003700',X'760061006c0075006500310033003700',13266954476192362);
INSERT INTO "values_mapping" VALUES ('http://google.com',X'6b0065007900310033003800',X'760061006c0075006500310033003800',13266954476192362);
INSERT INTO "values_mapping" VALUES ('http://google.com',X'6b0065007900310033003900',X'760061006c0075006500310033003900',13266954476192362);
INSERT INTO "values_mapping" VALUES ('http://google.com',X'6b0065007900310034003000',X'760061006c0075006500310034003000',13266954476192362);
INSERT INTO "values_mapping" VALUES ('http://google.com',X'6b0065007900310034003100',X'760061006c0075006500310034003100',13266954476192362);
INSERT INTO "values_mapping" VALUES ('http://google.com',X'6b0065007900310034003200',X'760061006c0075006500310034003200',13266954476192362);
INSERT INTO "values_mapping" VALUES ('http://google.com',X'6b0065007900310034003300',X'760061006c0075006500310034003300',13266954476192362);
INSERT INTO "values_mapping" VALUES ('http://google.com',X'6b0065007900310034003400',X'760061006c0075006500310034003400',13266954476192362);
INSERT INTO "values_mapping" VALUES ('http://google.com',X'6b0065007900310034003500',X'760061006c0075006500310034003500',13266954476192362);
INSERT INTO "values_mapping" VALUES ('http://google.com',X'6b0065007900310034003600',X'760061006c0075006500310034003600',13266954476192362);
INSERT INTO "values_mapping" VALUES ('http://google.com',X'6b0065007900310034003700',X'760061006c0075006500310034003700',13266954476192362);
INSERT INTO "values_mapping" VALUES ('http://google.com',X'6b0065007900310034003800',X'760061006c0075006500310034003800',13266954476192362);
INSERT INTO "values_mapping" VALUES ('http://google.com',X'6b0065007900310034003900',X'760061006c0075006500310034003900',13266954476192362);
INSERT INTO "values_mapping" VALUES ('http://google.com',X'6b0065007900310035003000',X'760061006c0075006500310035003000',13266954476192362);
INSERT INTO "values_mapping" VALUES ('http://google.com',X'6b0065007900310035003100',X'760061006c0075006500310035003100',13266954476192362);
INSERT INTO "values_mapping" VALUES ('http://google.com',X'6b0065007900310035003200',X'760061006c0075006500310035003200',13266954476192362);
INSERT INTO "values_mapping" VALUES ('http://google.com',X'6b0065007900310035003300',X'760061006c0075006500310035003300',13266954476192362);
INSERT INTO "values_mapping" VALUES ('http://google.com',X'6b0065007900310035003400',X'760061006c0075006500310035003400',13266954476192362);
INSERT INTO "values_mapping" VALUES ('http://google.com',X'6b0065007900310035003500',X'760061006c0075006500310035003500',13266954476192362);
INSERT INTO "values_mapping" VALUES ('http://google.com',X'6b0065007900310035003600',X'760061006c0075006500310035003600',13266954476192362);
INSERT INTO "values_mapping" VALUES ('http://google.com',X'6b0065007900310035003700',X'760061006c0075006500310035003700',13266954476192362);
INSERT INTO "values_mapping" VALUES ('http://google.com',X'6b0065007900310035003800',X'760061006c0075006500310035003800',13266954476192362);
INSERT INTO "values_mapping" VALUES ('http://google.com',X'6b0065007900310035003900',X'760061006c0075006500310035003900',13266954476192362);
INSERT INTO "values_mapping" VALUES ('http://google.com',X'6b0065007900310036003000',X'760061006c0075006500310036003000',13266954476192362);
INSERT INTO "values_mapping" VALUES ('http://google.com',X'6b0065007900310036003100',X'760061006c0075006500310036003100',13266954476192362);
INSERT INTO "values_mapping" VALUES ('http://google.com',X'6b0065007900310036003200',X'760061006c0075006500310036003200',13266954476192362);
INSERT INTO "values_mapping" VALUES ('http://google.com',X'6b0065007900310036003300',X'760061006c0075006500310036003300',13266954476192362);
INSERT INTO "values_mapping" VALUES ('http://google.com',X'6b0065007900310036003400',X'760061006c0075006500310036003400',13266954476192362);
INSERT INTO "values_mapping" VALUES ('http://google.com',X'6b0065007900310036003500',X'760061006c0075006500310036003500',13266954476192362);
INSERT INTO "values_mapping" VALUES ('http://google.com',X'6b0065007900310036003600',X'760061006c0075006500310036003600',13266954476192362);
INSERT INTO "values_mapping" VALUES ('http://google.com',X'6b0065007900310036003700',X'760061006c0075006500310036003700',13266954476192362);
INSERT INTO "values_mapping" VALUES ('http://google.com',X'6b0065007900310036003800',X'760061006c0075006500310036003800',13266954476192362);
INSERT INTO "values_mapping" VALUES ('http://google.com',X'6b0065007900310036003900',X'760061006c0075006500310036003900',13266954476192362);
INSERT INTO "values_mapping" VALUES ('http://google.com',X'6b0065007900310037003000',X'760061006c0075006500310037003000',13266954476192362);
INSERT INTO "values_mapping" VALUES ('http://google.com',X'6b0065007900310037003100',X'760061006c0075006500310037003100',13266954476192362);
INSERT INTO "values_mapping" VALUES ('http://google.com',X'6b0065007900310037003200',X'760061006c0075006500310037003200',13266954476192362);
INSERT INTO "values_mapping" VALUES ('http://google.com',X'6b0065007900310037003300',X'760061006c0075006500310037003300',13266954476192362);
INSERT INTO "values_mapping" VALUES ('http://google.com',X'6b0065007900310037003400',X'760061006c0075006500310037003400',13266954476192362);
INSERT INTO "values_mapping" VALUES ('http://google.com',X'6b0065007900310037003500',X'760061006c0075006500310037003500',13266954476192362);
INSERT INTO "values_mapping" VALUES ('http://google.com',X'6b0065007900310037003600',X'760061006c0075006500310037003600',13266954476192362);
INSERT INTO "values_mapping" VALUES ('http://google.com',X'6b0065007900310037003700',X'760061006c0075006500310037003700',13266954476192362);
INSERT INTO "values_mapping" VALUES ('http://google.com',X'6b0065007900310037003800',X'760061006c0075006500310037003800',13266954476192362);
INSERT INTO "values_mapping" VALUES ('http://google.com',X'6b0065007900310037003900',X'760061006c0075006500310037003900',13266954476192362);
INSERT INTO "values_mapping" VALUES ('http://google.com',X'6b0065007900310038003000',X'760061006c0075006500310038003000',13266954476192362);
INSERT INTO "values_mapping" VALUES ('http://google.com',X'6b0065007900310038003100',X'760061006c0075006500310038003100',13266954476192362);
INSERT INTO "values_mapping" VALUES ('http://google.com',X'6b0065007900310038003200',X'760061006c0075006500310038003200',13266954476192362);
INSERT INTO "values_mapping" VALUES ('http://google.com',X'6b0065007900310038003300',X'760061006c0075006500310038003300',13266954476192362);
INSERT INTO "values_mapping" VALUES ('http://google.com',X'6b0065007900310038003400',X'760061006c0075006500310038003400',13266954476192362);
INSERT INTO "values_mapping" VALUES ('http://google.com',X'6b0065007900310038003500',X'760061006c0075006500310038003500',13266954476192362);
INSERT INTO "values_mapping" VALUES ('http://google.com',X'6b0065007900310038003600',X'760061006c0075006500310038003600',13266954476192362);
INSERT INTO "values_mapping" VALUES ('http://google.com',X'6b0065007900310038003700',X'760061006c0075006500310038003700',13266954476192362);
INSERT INTO "values_mapping" VALUES ('http://google.com',X'6b0065007900310038003800',X'760061006c0075006500310038003800',13266954476192362);
INSERT INTO "values_mapping" VALUES ('http://google.com',X'6b0065007900310038003900',X'760061006c0075006500310038003900',13266954476192362);
INSERT INTO "values_mapping" VALUES ('http://google.com',X'6b0065007900310039003000',X'760061006c0075006500310039003000',13266954476192362);
INSERT INTO "values_mapping" VALUES ('http://google.com',X'6b0065007900310039003100',X'760061006c0075006500310039003100',13266954476192362);
INSERT INTO "values_mapping" VALUES ('http://google.com',X'6b0065007900310039003200',X'760061006c0075006500310039003200',13266954476192362);
INSERT INTO "values_mapping" VALUES ('http://google.com',X'6b0065007900310039003300',X'760061006c0075006500310039003300',13266954476192362);
INSERT INTO "values_mapping" VALUES ('http://google.com',X'6b0065007900310039003400',X'760061006c0075006500310039003400',13266954476192362);
INSERT INTO "values_mapping" VALUES ('http://google.com',X'6b0065007900310039003500',X'760061006c0075006500310039003500',13266954476192362);
INSERT INTO "values_mapping" VALUES ('http://google.com',X'6b0065007900310039003600',X'760061006c0075006500310039003600',13266954476192362);
INSERT INTO "values_mapping" VALUES ('http://google.com',X'6b0065007900310039003700',X'760061006c0075006500310039003700',13266954476192362);
INSERT INTO "values_mapping" VALUES ('http://google.com',X'6b0065007900310039003800',X'760061006c0075006500310039003800',13266954476192362);
INSERT INTO "values_mapping" VALUES ('http://google.com',X'6b0065007900310039003900',X'760061006c0075006500310039003900',13266954476192362);
INSERT INTO "values_mapping" VALUES ('http://google.com',X'6b0065007900320030003000',X'760061006c0075006500320030003000',13266954476192362);
INSERT INTO "values_mapping" VALUES ('http://google.com',X'6b0065007900320030003100',X'760061006c0075006500320030003100',13266954476192362);
INSERT INTO "values_mapping" VALUES ('http://chromium.org',X'4100',X'760061006c00750065004100',13268941676192362);
INSERT INTO "values_mapping" VALUES ('http://chromium.org',X'4200',X'760061006c00750065004200',13268941676192362);
INSERT INTO "values_mapping" VALUES ('http://chromium.org',X'4300',X'760061006c00750065004300',13268941676192362);
INSERT INTO "values_mapping" VALUES ('http://chromium.org',X'4400',X'760061006c00750065004400',13268941676192362);
INSERT INTO "values_mapping" VALUES ('http://chromium.org',X'4500',X'760061006c00750065004500',13268941676192362);
INSERT INTO "values_mapping" VALUES ('http://chromium.org',X'4600',X'760061006c00750065004600',13268941676192362);
INSERT INTO "values_mapping" VALUES ('http://chromium.org',X'4700',X'760061006c00750065004700',13268941676192362);
INSERT INTO "values_mapping" VALUES ('http://chromium.org',X'4800',X'760061006c00750065004800',13268941676192362);
INSERT INTO "values_mapping" VALUES ('http://chromium.org',X'4900',X'760061006c00750065004900',13268941676192362);
INSERT INTO "values_mapping" VALUES ('http://chromium.org',X'4a00',X'760061006c00750065004a00',13268941676192362);
INSERT INTO "values_mapping" VALUES ('http://chromium.org',X'4b00',X'760061006c00750065004b00',13268941676192362);
INSERT INTO "values_mapping" VALUES ('http://chromium.org',X'4c00',X'760061006c00750065004c00',13268941676192362);
INSERT INTO "values_mapping" VALUES ('http://chromium.org',X'4d00',X'760061006c00750065004d00',13268941676192362);
INSERT INTO "values_mapping" VALUES ('http://chromium.org',X'4e00',X'760061006c00750065004e00',13268941676192362);
INSERT INTO "values_mapping" VALUES ('http://chromium.org',X'4f00',X'760061006c00750065004f00',13268941676192362);
INSERT INTO "values_mapping" VALUES ('http://chromium.org',X'5000',X'760061006c00750065005000',13268941676192362);
INSERT INTO "values_mapping" VALUES ('http://chromium.org',X'5100',X'760061006c00750065005100',13268941676192362);
INSERT INTO "values_mapping" VALUES ('http://chromium.org',X'5200',X'760061006c00750065005200',13268941676192362);
INSERT INTO "values_mapping" VALUES ('http://chromium.org',X'5300',X'760061006c00750065005300',13268941676192362);
INSERT INTO "values_mapping" VALUES ('http://chromium.org',X'5400',X'760061006c00750065005400',13268941676192362);
INSERT INTO "values_mapping" VALUES ('http://chromium.org',X'5500',X'760061006c00750065005500',13268941676192362);
INSERT INTO "values_mapping" VALUES ('http://chromium.org',X'5600',X'760061006c00750065005600',13268941676192362);
INSERT INTO "values_mapping" VALUES ('http://chromium.org',X'5700',X'760061006c00750065005700',13268941676192362);
INSERT INTO "values_mapping" VALUES ('http://chromium.org',X'5800',X'760061006c00750065005800',13268941676192362);
INSERT INTO "values_mapping" VALUES ('http://chromium.org',X'5900',X'760061006c00750065005900',13268941676192362);
INSERT INTO "values_mapping" VALUES ('http://chromium.org',X'5a00',X'760061006c00750065005a00',13268941676192362);
CREATE TABLE per_origin_mapping(context_origin TEXT NOT NULL PRIMARY KEY,creation_time INTEGER NOT NULL,length INTEGER NOT NULL) WITHOUT ROWID;
INSERT INTO "per_origin_mapping" VALUES ('http://google.com',13266954476192362,201);
INSERT INTO "per_origin_mapping" VALUES ('http://chromium.org',13268941676192362,26);
CREATE TABLE budget_mapping(id INTEGER NOT NULL PRIMARY KEY,context_origin TEXT NOT NULL,time_stamp INTEGER NOT NULL,bits_debit REAL NOT NULL);
CREATE INDEX budget_mapping_origin_time_stamp_idx ON budget_mapping(context_origin,time_stamp);
CREATE INDEX values_mapping_last_used_time_idx ON values_mapping(last_used_time);
CREATE INDEX per_origin_mapping_creation_time_idx ON per_origin_mapping(creation_time);
COMMIT;
